Code/Ref,License holder,Company_name_cl,Type of License,License_type_cl,Date of award,Award_date_cl,Expiry date,Expiry_date_cl,Commodity,Commodity_cl,Area  (Km2),Area_km2_cl,Location  (Region),License_location_cl,Coordinates of the license area
0080/2015,"Sea Sun Star
Mining Production
& Marketing Co., Ltd.","Sea Sun Star Mining Production & Marketing Co., Ltd.",Small scale,Small,2015-03-25,2015-03-25,2017-03-24,2017-03-24,Gold,Gold,20,20,Mine Khun,Mine Khun,KTN-12
0081/2015,"Sea Sun Star
Mining Production
& Marketing Co., Ltd.","Sea Sun Star Mining Production & Marketing Co., Ltd.",Small scale,Small,2015-03-25,2015-03-25,2017-03-24,2017-03-24,Gold,Gold,20,20,Mine Khun,Mine Khun,KTN-13
0082/2015,"Sea Sun Star
Mining Production
& Marketing Co., Ltd.","Sea Sun Star Mining Production & Marketing Co., Ltd.",Small scale,Small,2015-03-25,2015-03-25,2017-03-24,2017-03-24,Gold,Gold,20,20,Mine Khun,Mine Khun,KTN-23
0083/2015,"Sea Sun Star
Mining Production
& Marketing Co., Ltd.","Sea Sun Star Mining Production & Marketing Co., Ltd.",Small scale,Small,2015-03-25,2015-03-25,2017-03-24,2017-03-24,Gold,Gold,20,20,Mine Khun,Mine Khun,KTN-24
0168/2013,"Sea Sun Star
Mining Production
& Marketing Co., Ltd.","Sea Sun Star Mining Production & Marketing Co., Ltd.",Small scale,Small,2013-10-02,2013-10-02,2016-10-01,2016-10-01,Gold,Gold,20,20,Mine Khun,Mine Khun,KTN-21
0169/2013,"Sea Sun Star
Mining Production
& Marketing Co., Ltd.","Sea Sun Star Mining Production & Marketing Co., Ltd.",Small scale,Small,2013-10-02,2013-10-02,2016-10-01,2016-10-01,Gold,Gold,20,20,Kaung Yar,Kaung Yar,KTN-33
0170/2013,"Sea Sun Star
Mining Production
& Marketing Co., Ltd.","Sea Sun Star Mining Production & Marketing Co., Ltd.",Small scale,Small,2013-10-02,2013-10-02,2016-10-01,2016-10-01,Gold,Gold,20,20,Kaung Yar,Kaung Yar,KTN-34
0173/2013,"Sea Sun Star
Mining Production
& Marketing Co., Ltd.","Sea Sun Star Mining Production & Marketing Co., Ltd.",Small scale,Small,2013-10-02,2013-10-02,2016-10-01,2016-10-01,Gold,Gold,20,20,Dalue,Dalue,KTN-39
0174/2013,"Sea Sun Star
Mining Production
& Marketing Co., Ltd.","Sea Sun Star Mining Production & Marketing Co., Ltd.",Small scale,Small,2013-10-02,2013-10-02,2016-10-01,2016-10-01,Gold,Gold,20,20,Dalue,Dalue,KTN-40
0112/2009,"Shwe Pyae Phyo 
Gold & Mining Co., Ltd","Shwe Pyae Phyo Gold & Mining Co., Ltd",Small scale,Small,2009-08-17,2009-08-17,2016-08-16,2016-08-16,Gold,Gold,20,20,Shin Bawe Yan,Shin Bawe Yan,KSBY-15
0274/2014,"Bu Yaung Family Co., Ltd","Bu Yaung Family Co., Ltd",Small scale,Small,2014-11-12,2014-11-12,2016-11-11,2016-11-11,Gold,Gold,20,20,Man Daung,Man Daung,KWM-107
0056/2015,"Shwe Sune Thaike 
Co., Ltd","Shwe Sune Thaike Co., Ltd",Small scale,Small,2015-02-11,2015-02-11,2017-02-10,2017-02-10,Gold,Gold,20,20,Naung Chain,Naung Chain,KWM-109
0197/2015,"Jing Hpaw Myae 
Mining Co., Ltd","Jing Hpaw Myae Mining Co., Ltd",Small scale,Small,2015-10-14,2015-10-14,2016-10-13,2016-10-13,Gold,Gold,12,12,Naung Chain,Naung Chain,KWM-110
0012/2016,"Myanmar Academy International Co., Ltd","Myanmar Academy International Co., Ltd",Small scale,Small,2016-02-10,2016-02-10,2017-02-09,2017-02-09,Gold,Gold,20,20,Naung Chain,Naung Chain,KWM-111
0379/2011,"Shwe Moe Thoon Aung Mining Co., Ltd","Shwe Moe Thoon Aung Mining Co., Ltd",Small scale,Small,2011-11-25,2011-11-25,2016-11-24,2016-11-24,Gold,Gold,20,20,Kar Due,Kar Due,KMN-11
0240/2014,"Kan Linn Thu Mining 
Co., Ltd ","Kan Linn Thu Mining Co., Ltd",Small scale,Small,2014-09-17,2014-09-17,2016-09-16,2016-09-16,Gold,Gold,20,20,Kar Due,Kar Due,KMN-12
0130/2012,"Lone Sein Mining Co., Ltd","Lone Sein Mining Co., Ltd",Small scale,Small,2012-08-20,2012-08-20,2016-08-19,2016-08-19,Gold,Gold,20,20,Amatgyi kone,Amatgyi kone,KSG-28A
0168/2012,"Gold Season Private 
Limited",Gold Season Private Limited,Small scale,Small,2012-09-05,2012-09-05,2016-09-04,2016-09-04,Gold,Gold,20,20,ShweNyainChan,ShweNyainChan,KSG-46
0022/2015,"Mahar Shwe Zabu 
Co., Ltd","Mahar Shwe Zabu Co., Ltd",Small scale,Small,2015-01-21,2015-01-21,2017-01-20,2017-01-20,Gold,Gold,20,20,Amatgyi kone,Amatgyi kone,KSG-23
0172/2015,"Natural Gold Mining & Production Co., Ltd","Natural Gold Mining & Production Co., Ltd",Small scale,Small,2015-08-19,2015-08-19,2016-08-18,2016-08-18,Gold,Gold,20,20,Ngarbutgyi,Ngarbutgyi,KSG-49
0173/2015,"Natural Gold Mining & Production Co., Ltd","Natural Gold Mining & Production Co., Ltd",Small scale,Small,2015-08-19,2015-08-19,2016-08-18,2016-08-18,Gold,Gold,20,20,Ngarbutgyi,Ngarbutgyi,KSG-50
0020/2015,"Maha Shwe Zabu Co., Ltd","Maha Shwe Zabu Co., Ltd",Small scale,Small,2015-01-21,2015-01-21,2017-01-20,2017-01-20,Gold,Gold,20,20,Sikhamgyi,Sikhamgyi,KMS-13
0021/2015,"Maha Shwe Zabu Co., Ltd","Maha Shwe Zabu Co., Ltd",Small scale,Small,2015-02-21,2015-02-21,2017-01-20,2017-01-20,Gold,Gold,20,20,Sikhamgyi,Sikhamgyi,KMS-18
0037/2013,"Shwe Phyoe Kywe 
Mining Co., Ltd","Shwe Phyoe Kywe Mining Co., Ltd",Small scale,Small,2013-02-06,2013-02-06,2017-02-05,2017-02-05,Gold,Gold,20,20,Naung Mo,Naung Mo,KBM-3A
0548/2010,"Htoo Ko Ko Co.,Ltd","Htoo Ko Ko Co.,Ltd",Small scale,Small,2010-08-27,2010-08-27,2016-08-26,2016-08-26,Gold,Gold,20,20,Sinn kham,Sinn kham,KBM-10
0233/2014,"Mega Jade Star Mining Co.,Ltd","Mega Jade Star Mining Co.,Ltd",Small scale,Small,2014-08-13,2014-08-13,2016-08-12,2016-08-12,Gold,Gold,20,20,Sinn kham,Sinn kham,KBM-23
0234/2014,"Mega Jade Star Mining Co.,Ltd","Mega Jade Star Mining Co.,Ltd",Small scale,Small,2014-08-13,2014-08-13,2016-08-12,2016-08-12,Gold,Gold,19,19,Sinn kham,Sinn kham,KBM-24
0250/2015,"Imaw Bum Co.,Ltd","Imaw Bum Co.,Ltd",Small scale,Small,2015-12-23,2015-12-23,2016-12-22,2016-12-22,Gold,Gold,19.4,19.4,Sinn kham,Sinn kham,KBM-27
0058/2015,"La Pyi Wun Gold Mining Co.,Ltd","La Pyi Wun Gold Mining Co.,Ltd",Small scale,Small,2015-02-19,2015-02-19,2017-02-18,2017-02-18,Gold,Gold,20,20,Lartarkaw,Lartarkaw,KKLP-3
0153/2015,"Ruby Dragon Mining 
Co., Ltd","Ruby Dragon Mining Co., Ltd",Small scale,Small,2015-07-22,2015-07-22,2016-07-21,2016-07-21,Gold,Gold,20,20,Kyauk Pa Sat,Kyauk Pa Sat,Thadarkyin-2A
0154/2015,"Ruby Dragon Mining 
Co., Ltd","Ruby Dragon Mining Co., Ltd",Small scale,Small,2015-07-22,2015-07-22,2016-07-21,2016-07-21,Gold,Gold,20,20,Kyauk Pa Sat,Kyauk Pa Sat,Yantaikekone
0178/2009,"Ruby Dragon Mining 
Co., Ltd","Ruby Dragon Mining Co., Ltd",Small scale,Small,2009-10-09,2009-10-09,2016-10-08,2016-10-08,Gold,Gold,20,20,Taung Kone,Taung Kone,SWTO-14
0038/2010,"Ruby Dragon Mining 
Co., Ltd","Ruby Dragon Mining Co., Ltd",Small scale,Small,2010-02-04,2010-02-04,2017-02-03,2017-02-03,Gold,Gold,20,20,Taung Kone,Taung Kone,SWTO-24
0674/2010,"Ruby Dragon Mining 
Co., Ltd","Ruby Dragon Mining Co., Ltd",Small scale,Small,2010-10-20,2010-10-20,2016-10-19,2016-10-19,Gold,Gold,20,20,Taung Kone,Taung Kone,SWTO-51
0675/2010,"Ruby Dragon Mining 
Co., Ltd","Ruby Dragon Mining Co., Ltd",Small scale,Small,2010-10-20,2010-10-20,2016-10-19,2016-10-19,Gold,Gold,20,20,Taung Kone,Taung Kone,SWTO-52
0524/2010,"Red Mountain Production co., Ltd.","Red Mountain Production co., Ltd.",Small scale,Small,2010-08-10,2010-08-10,2016-08-09,2016-08-09,Gold,Gold,20,20,Taung Kone,Taung Kone,SWTO-44
0525/2010,"Red Mountain Production co., Ltd.","Red Mountain Production co., Ltd.",Small scale,Small,2010-08-10,2010-08-10,2016-08-09,2016-08-09,Gold,Gold,20,20,Taung Kone,Taung Kone,SWTO-45
0526/2010,"Red Mountain Production co., Ltd.","Red Mountain Production co., Ltd.",Small scale,Small,2010-08-10,2010-08-10,2016-08-09,2016-08-09,Gold,Gold,20,20,Taung Kone,Taung Kone,SWTO-46
0358/2010,"Red Mountain Production co., Ltd.","Red Mountain Production co., Ltd.",Small scale,Small,2010-05-14,2010-05-14,2016-05-13,2016-05-13,Gold,Gold,20,20,Taung Kone,Taung Kone,SWTO-36
0359/2010,"Red Mountain Production co., Ltd.","Red Mountain Production co., Ltd.",Small scale,Small,2010-05-14,2010-05-14,2016-05-13,2016-05-13,Gold,Gold,20,20,Taung Kone,Taung Kone,SWTO-37
0224/2009,"Etarnal Mining Co., Ltd","Etarnal Mining Co., Ltd",Small scale,Small,2009-11-13,2009-11-13,2016-11-12,2016-11-12,Gold,Gold,20,20,Win gyi,Win gyi,SWTO-17
0225/2009,"Etarnal Mining Co., Ltd","Etarnal Mining Co., Ltd",Small scale,Small,2009-11-13,2009-11-13,2016-11-12,2016-11-12,Gold,Gold,20,20,Win gyi,Win gyi,SWTO-18
0226/2009,"Etarnal Mining Co., Ltd","Etarnal Mining Co., Ltd",Small scale,Small,2009-11-13,2009-11-13,2016-11-12,2016-11-12,Gold,Gold,20,20,Win gyi,Win gyi,SWTO-19
0227/2009,"Etarnal Mining Co., Ltd","Etarnal Mining Co., Ltd",Small scale,Small,2009-11-13,2009-11-13,2016-11-12,2016-11-12,Gold,Gold,20,20,Win gyi,Win gyi,SWTO-20
0132/2012,"MCS Mining  Co., Ltd","MCS Mining Co., Ltd",Small scale,Small,2012-08-20,2012-08-20,2016-08-19,2016-08-19,Gold,Gold,20,20,Man gyi Bin,Man gyi Bin,SWTO-53A
0172/2012,"Khaing Ngu War Shwe Co.,Ltd","Khaing Ngu War Shwe Co.,Ltd",Small scale,Small,2012-08-30,2012-08-30,2016-08-29,2016-08-29,Gold,Gold,20,20,Maw Khar,Maw Khar,SWTO-32A
0068/2014,"ArKar Myint Manufacturing Co., Ltd","ArKar Myint Manufacturing Co., Ltd",Small scale,Small,2014-01-08,2014-01-08,2017-01-07,2017-01-07,Gold,Gold,20,20,Man gyi Bin,Man gyi Bin,SWTO-78
0102/2014,"Worm Pool  Co., Ltd","Worm Pool Co., Ltd",Small scale,Small,2014-03-04,2014-03-04,2017-03-03,2017-03-03,Gold,Gold,20,20,Maw Khar,Maw Khar,SWTO-84
0013/2015,"Worm Pool  Co., Ltd","Worm Pool Co., Ltd",Small scale,Small,2015-01-07,2015-01-07,2017-01-06,2017-01-06,Gold,Gold,19.37,19.37,Maw Khar,Maw Khar,SWTO-85
0223/2015,"Worm Pool  Co., Ltd","Worm Pool Co., Ltd",Small scale,Small,2015-12-02,2015-12-02,2016-12-01,2016-12-01,Gold,Gold,20,20,Maw Khar,Maw Khar,SWTO-91
0248/2014,"Myanmar Golden High Land Mining Co., Ltd","Myanmar Golden High Land Mining Co., Ltd",Small scale,Small,2014-09-17,2014-09-17,2016-09-16,2016-09-16,Gold,Gold,20,20,Kyauk pa sat,Kyauk pa sat,Taungni-1
0249/2014,"Myanmar Golden High Land Mining Co., Ltd","Myanmar Golden High Land Mining Co., Ltd",Small scale,Small,2014-09-17,2014-09-17,2016-09-16,2016-09-16,Gold,Gold,20,20,Kyauk pa sat,Kyauk pa sat,Taungni-2
0140/2015,"Kyaw Tet Aung 
Mining Co., Ltd","Kyaw Tet Aung Mining Co., Ltd",Small scale,Small,2015-07-01,2015-07-01,2016-06-30,2016-06-30,Gold,Gold,16,16,Win gyi,Win gyi,SWTO-88
0121/2015,"Asia Golden Light 
Mining Co., Ltd","Asia Golden Light Mining Co., Ltd",Small scale,Small,2015-06-10,2015-06-10,2016-06-09,2016-06-09,Gold,Gold,20,20,Chaung Phaur,Chaung Phaur,SWTO-86
0122/2015,"Asia Golden Light 
Mining Co., Ltd","Asia Golden Light Mining Co., Ltd",Small scale,Small,2015-06-10,2015-06-10,2016-06-09,2016-06-09,Gold,Gold,20,20,Chaung Phaur,Chaung Phaur,SWTO-87
0005/2016,"Thit Sar Myint Myat 
Co., Ltd","Thit Sar Myint Myat Co., Ltd",Small scale,Small,2016-01-06,2016-01-06,2017-01-05,2017-01-05,Gold,Gold,20,20,Nant Kham,Nant Kham,SWTO-89
0288/2009,"Aye Aye Khaing 
Mining Co., Ltd.","Aye Aye Khaing Mining Co., Ltd.",Small scale,Small,2009-12-01,2009-12-01,2016-11-30,2016-11-30,Gold,Gold,20,20,Sone Taw,Sone Taw,SBM-128
0289/2009,"Aye Aye Khaing 
Mining Co., Ltd.","Aye Aye Khaing Mining Co., Ltd.",Small scale,Small,2009-12-01,2009-12-01,2016-11-30,2016-11-30,Gold,Gold,20,20,Sone Taw,Sone Taw,SBM-129
0459/2010,"Sky Word Co., Ltd","Sky Word Co., Ltd",Small scale,Small,2010-07-06,2010-07-06,2016-07-05,2016-07-05,Gold,Gold,20,20,Sone Taw,Sone Taw,SBM-164
0449/2010,"Swan Min Thet 
Mining Co., Ltd","Swan Min Thet Mining Co., Ltd",Small scale,Small,2010-07-06,2010-07-06,2016-07-05,2016-07-05,Gold,Gold,20,20,Sone Taw,Sone Taw,SBM-194
0455/2010,"Swan Yadanar Htay 
Mining Co., Ltd","Swan Yadanar Htay Mining Co., Ltd",Small scale,Small,2010-07-06,2010-07-06,2016-07-05,2016-07-05,Gold,Gold,20,20,Sone Taw,Sone Taw,SBM-200
0456/2010,"Swan Yadanar Htay 
Mining Co., Ltd","Swan Yadanar Htay Mining Co., Ltd",Small scale,Small,2010-07-06,2010-07-06,2016-07-05,2016-07-05,Gold,Gold,20,20,Sone Taw,Sone Taw,SBM-201
0027/2014,"Than Htite Shwe Sin 
Mining Co.,Ltd","Than Htite Shwe Sin Mining Co.,Ltd",Small scale,Small,2014-01-15,2014-01-15,2017-01-14,2017-01-14,Gold,Gold,20,20,Nar Nant Htunt,Nar Nant Htunt,SBM-317
0136/2013,"Aye Nyein DaNa Co., Ltd","Aye Nyein DaNa Co., Ltd",Small scale,Small,2013-07-12,2013-07-12,2016-07-11,2016-07-11,Gold,Gold,20,20,Man Kut,Man Kut,SBM-313
0137/2013,"Aye Nyein DaNa Co., Ltd","Aye Nyein DaNa Co., Ltd",Small scale,Small,2013-07-12,2013-07-12,2016-07-11,2016-07-11,Gold,Gold,20,20,Man Kut,Man Kut,SBM-314
0189/2014,"Seven Two Seven 
Mining Co., Ltd","Seven Two Seven Mining Co., Ltd",Small scale,Small,2014-06-11,2014-06-11,2016-06-10,2016-06-10,Gold,Gold,20,20,Nar Nant Htunt,Nar Nant Htunt,SBM-318
0263/2014,"Seven Two Seven 
Mining Co., Ltd","Seven Two Seven Mining Co., Ltd",Small scale,Small,2014-10-15,2014-10-15,2016-10-14,2016-10-14,Gold,Gold,20,20,Min Kone,Min Kone,SBM-325
0264/2014,"Seven Two Seven 
Mining Co., Ltd","Seven Two Seven Mining Co., Ltd",Small scale,Small,2014-10-15,2014-10-15,2016-10-14,2016-10-14,Gold,Gold,20,20,Kho Nan,Kho Nan,SBM-326
0084/2015,"Seven Two Seven 
Mining Co., Ltd","Seven Two Seven Mining Co., Ltd",Small scale,Small,2015-03-25,2015-03-25,2017-03-24,2017-03-24,Gold,Gold,20,20,Nar Nant Htunt,Nar Nant Htunt,SBM-337
0238/2014,"Shwe Linn Aung Co., Ltd","Shwe Linn Aung Co., Ltd",Small scale,Small,2014-09-03,2014-09-03,2016-09-02,2016-09-02,Gold,Gold,20,20,Man Loung Pay Pin,Man Loung Pay Pin,SBM-321
0246/2014,"Shwe Ni Hla Co., Ltd","Shwe Ni Hla Co., Ltd",Small scale,Small,2014-09-17,2014-09-17,2016-09-16,2016-09-16,Gold,Gold,20,20,Man Inn Min gone,Man Inn Min gone,SBM-323
0244/2014,"Hein Hein Than Co., Ltd","Hein Hein Than Co., Ltd",Small scale,Small,2015-09-17,2015-09-17,2016-09-16,2016-09-16,Gold,Gold,20,20,Man Inn Min gone,Man Inn Min gone,SBM-324
0268/2014,"Shwe Win Aung Aung 
Co., Ltd","Shwe Win Aung Aung Co., Ltd",Small scale,Small,2014-10-15,2014-10-15,14/0/2016,2016-10-14,Gold,Gold,20,20,Nar Nant Htunt,Nar Nant Htunt,SBM-327
0279/2014,"Agga Yadanar 
Mining Co., Ltd","Agga Yadanar Mining Co., Ltd",Small scale,Small,2014-11-26,2014-11-26,2016-11-25,2016-11-25,Gold,Gold,20,20,Lawe Net gyi,Lawe Net gyi,SBM-333
0280/2014,"Agga Yadanar 
Mining Co., Ltd","Agga Yadanar Mining Co., Ltd",Small scale,Small,2014-11-26,2014-11-26,2016-11-25,2016-11-25,Gold,Gold,20,20,Lawe Net gyi,Lawe Net gyi,SBM-334
0281/2014,"Agga Yadanar 
Mining Co., Ltd","Agga Yadanar Mining Co., Ltd",Small scale,Small,2014-11-26,2014-11-26,2016-11-25,2016-11-25,Gold,Gold,20,20,Lawe Net gyi,Lawe Net gyi,SBM-335
0299/2014,"Shwe Oh Si 
Mining Co., Ltd","Shwe Oh Si Mining Co., Ltd",Small scale,Small,2014-12-24,2014-12-24,2016-12-23,2016-12-23,Gold,Gold,20,20,Nan Mar,Nan Mar,SBM-328
0279/2014,"Aung Pyae Thar 
Mining Co., Ltd","Aung Pyae Thar Mining Co., Ltd",Small scale,Small,2014-11-12,2014-11-12,2016-11-11,2016-11-11,Gold,Gold,20,20,Sone Taw,Sone Taw,SBM-222A
0294/2014,"Shwe Se Toe 
Mining Co., Ltd","Shwe Se Toe Mining Co., Ltd",Small scale,Small,2014-12-17,2014-12-17,2016-12-16,2016-12-16,Gold,Gold,20,20,Nar Nant Htunt,Nar Nant Htunt,SBM-332
0291/2014,"Shwe Let Well thonenaya Mining Co., Ltd","Shwe Let Well thonenaya Mining Co., Ltd",Small scale,Small,2014-12-17,2014-12-17,2016-12-16,2016-12-16,Gold,Gold,18.6,18.6,Nan Mar,Nan Mar,SBM-329
0292/2014,"Shwe Let Well thonenaya Mining Co., Ltd","Shwe Let Well thonenaya Mining Co., Ltd",Small scale,Small,2014-12-17,2014-12-17,2016-12-16,2016-12-16,Gold,Gold,18.6,18.6,Nan Mar,Nan Mar,SBM-330
0055/2015,"Shwe Twin Gyi Mining 
Co., Ltd","Shwe Twin Gyi Mining Co., Ltd",Small scale,Small,2015-02-11,2015-02-11,2017-02-10,2017-02-10,Gold,Gold,20,20,Man Inn Min gone,Man Inn Min gone,SBM-339
0011/2015,"Tan Chu Shin Mining 
Co., Ltd","Tan Chu Shin Mining Co., Ltd",Small scale,Small,2015-01-07,2015-01-07,2017-01-06,2017-01-06,Gold,Gold,20,20,Nar Nant Htunt,Nar Nant Htunt,SBM-316
0068/2015,"Shwe Hein San Family
Co., Ltd","Shwe Hein San Family Co., Ltd",Small scale,Small,2015-03-12,2015-03-12,2017-03-11,2017-03-11,Gold,Gold,20,20,Man Loung Pay Pin,Man Loung Pay Pin,SBM-338
0092/2015,"Zalatt Pwint Phu Co., Ltd","Zalatt Pwint Phu Co., Ltd",Small scale,Small,2015-04-08,2015-04-08,2016-04-07,2016-04-07,Gold,Gold,20,20,Man Inn Min gone,Man Inn Min gone,SBM-340
0244/2015,"Zalatt Pwint Phu Co., Ltd","Zalatt Pwint Phu Co., Ltd",Small scale,Small,2015-12-23,2015-12-23,2016-12-22,2016-12-22,Gold,Gold,13.58,13.58,Nar Nant Htunt,Nar Nant Htunt,SBM-345
0150/2015,"Golden Zaw 
Mining Co., Ltd","Golden Zaw Mining Co., Ltd",Small scale,Small,2015-07-22,2015-07-22,2016-07-21,2016-07-21,Gold,Gold,20,20,Man Inn Min gone,Man Inn Min gone,SBM-344
0163/2015,"Thet Kaing Oo 
Family Co., Ltd","Thet Kaing Oo Family Co., Ltd",Small scale,Small,2015-08-05,2015-08-05,2016-08-04,2016-08-04,Gold,Gold,20,20,Pin Pone,Pin Pone,SBM-342
0164/2015,"Thet Kaing Oo 
Family Co., Ltd","Thet Kaing Oo Family Co., Ltd",Small scale,Small,2015-08-05,2015-08-05,2016-08-04,2016-08-04,Gold,Gold,20,20,Man Loung Pay Pin,Man Loung Pay Pin,SBM-343
0170/2015,"Tin Myint Aung 
Mining Co., Ltd","Tin Myint Aung Mining Co., Ltd",Small scale,Small,2015-08-12,2015-08-12,2016-08-11,2016-08-11,Gold,Gold,20,20,Nar Nant Htunt,Nar Nant Htunt,SBM-331
0465/2010,"San Shwe Pyi Mining 
Production Co., Ltd","San Shwe Pyi Mining Production Co., Ltd",Small scale,Small,2010-07-06,2010-07-06,2016-07-05,2016-07-05,Gold,Gold,20,20,Mine Kine,Mine Kine,SHML-297
0466/2010,"San Shwe Pyi Mining 
Production Co., Ltd","San Shwe Pyi Mining Production Co., Ltd",Small scale,Small,2010-07-06,2010-07-06,2016-07-05,2016-07-05,Gold,Gold,20,20,Mine Kine,Mine Kine,SHML-298
0052/2014,"Mya Theingyi Mineral 
Production Co., Ltd","Mya Theingyi Mineral Production Co., Ltd",Small scale,Small,2014-01-22,2014-01-22,2017-01-21,2017-01-21,Gold,Gold,20,20,Hell Phat,Hell Phat,SHML-470
0053/2014,"Mya Theingyi Mineral 
Production Co., Ltd","Mya Theingyi Mineral Production Co., Ltd",Small scale,Small,2014-01-22,2014-01-22,2017-01-21,2017-01-21,Gold,Gold,20,20,Mine Kine,Mine Kine,SHML-560
0024/2015,"Mya Theingyi Mineral 
Production Co., Ltd","Mya Theingyi Mineral Production Co., Ltd",Small scale,Small,2015-01-21,2015-01-21,2017-01-20,2017-01-20,Gold,Gold,20,20,Hell Phat,Hell Phat,SHML-387
0118/2012,"Sein Mya Lwin 
Mining Co., Ltd","Sein Mya Lwin Mining Co., Ltd",Small scale,Small,2012-06-21,2012-06-21,2016-06-20,2016-06-20,Gold,Gold,20,20,Mine Kine,Mine Kine,SHML-382
0293/2011,"Aung Taing San 
Mining Co., Ltd","Aung Taing San Mining Co., Ltd",Small scale,Small,2011-03-24,2011-03-24,2017-03-23,2017-03-23,Gold,Gold,20,20,Shwe Twin,Shwe Twin,SHML-328
0217/2014,"Golden Moon Light 
Co.,:Ltd","Golden Moon Light Co.,:Ltd",Small scale,Small,2014-03-26,2014-03-26,2017-03-25,2017-03-25,Gold,Gold,20,20,Laung Phaung,Laung Phaung,SHML-553
0188/2015,"Golden Moon Light 
Co.,:Ltd","Golden Moon Light Co.,:Ltd",Small scale,Small,2015-09-23,2015-09-23,2016-09-22,2016-09-22,Gold,Gold,20,20,Mine Kine,Mine Kine,SHML-381A
0046/2015,"Golden Valley International Development Co.,Ltd","Golden Valley International Development Co.,Ltd",Small scale,Small,2015-02-04,2015-02-04,2017-02-03,2017-02-03,Gold,Gold,20,20,Naung Taw,Naung Taw,SHML-373
0047/2015,"Golden Valley International Development Co.,Ltd","Golden Valley International Development Co.,Ltd",Small scale,Small,2015-02-04,2015-02-04,2017-02-03,2017-02-03,Gold,Gold,20,20,Naung Taw,Naung Taw,SHML-376
0148/2013,"Shwe Ma Haw 
Mining Co., Ltd","Shwe Ma Haw Mining Co., Ltd",Small scale,Small,2013-07-12,2013-07-12,2016-07-11,2016-07-11,Gold,Gold,15,15,Hell Phat,Hell Phat,SHML-445
0144/2013,"Southern Banner Co., Ltd","Southern Banner Co., Ltd",Small scale,Small,2013-07-30,2013-07-30,2016-07-29,2016-07-29,Gold,Gold,20,20,Mine Kine,Mine Kine,SHML-411
0145/2013,"Southern Banner Co., Ltd","Southern Banner Co., Ltd",Small scale,Small,2013-07-30,2013-07-30,2016-07-29,2016-07-29,Gold,Gold,20,20,Shwe Twin,Shwe Twin,SHML-412
0236/2014,"Shwe Min Gyi 
Mining Co.,Ltd","Shwe Min Gyi Mining Co.,Ltd",Small scale,Small,2014-08-27,2014-08-27,2016-08-23,2016-08-23,Gold,Gold,20,20,Man Houn,Man Houn,SHML-547
0163/2013,"Kaung Kin Kyei Sin 
Mining Co., Ltd","Kaung Kin Kyei Sin Mining Co., Ltd",Small scale,Small,2013-08-29,2013-08-29,2016-08-28,2016-08-28,Gold,Gold,20,20,Mine Kine,Mine Kine,SHML-477
0022/2014,"Kaung Kin Kyei Sin 
Mining Co., Ltd","Kaung Kin Kyei Sin Mining Co., Ltd",Small scale,Small,2014-12-30,2014-12-30,2016-12-29,2016-12-29,Gold,Gold,20,20,Laung Phaung,Laung Phaung,SHML-512
0060/2014,"Shwe Uru Aung 
Mining Co., Ltd ","Shwe Uru Aung Mining Co., Ltd",Small scale,Small,2014-02-13,2014-02-13,2017-02-12,2017-02-12,Gold,Gold,20,20,Htain gone,Htain gone,SHML-495
0006/2016,"Shwe Uru Aung 
Mining Co., Ltd ","Shwe Uru Aung Mining Co., Ltd",Small scale,Small,2016-01-06,2016-01-06,2017-01-05,2017-01-05,Gold,Gold,20,20,Mar Lone,Mar Lone,SHML-674
0169/2015,"Shwe Htay Ba Mar 
Mining Co., Ltd","Shwe Htay Ba Mar Mining Co., Ltd",Small scale,Small,2015-08-12,2015-08-12,2015-08-11,2015-08-11,Gold,Gold,20,20,Laung Phaung,Laung Phaung,SHML-594
0225/2015,"Shwe Htay Ba Mar 
Mining Co., Ltd","Shwe Htay Ba Mar Mining Co., Ltd",Small scale,Small,2015-12-02,2015-12-02,2016-12-01,2016-12-01,Gold,Gold,20,20,Laung Phaung,Laung Phaung,SHML-595
0085/2014,"Htet Yadanar Tun 
Co., Ltd","Htet Yadanar Tun Co., Ltd",Small scale,Small,2014-03-04,2014-03-04,2017-03-03,2017-03-03,Gold,Gold,20,20,Htain gone,Htain gone,SHML-546
0260/2014,"Thein Hlyan Shwe Sin 
Mining  Co., Ltd ","Thein Hlyan Shwe Sin Mining Co., Ltd",Small scale,Small,2014-10-09,2014-10-09,2016-10-08,2016-10-08,Gold,Gold,20,20,Yet Pha,Yet Pha,SHML-604
0129/2015,"WinThiri Kyaw 
Mining Co., Ltd ","WinThiri Kyaw Mining Co., Ltd",Small scale,Small,2015-06-17,2015-06-17,2016-06-16,2016-06-16,Gold,Gold,20,20,Hell Phat,Hell Phat,SHML-653
0250/2014,"Lin Khant  Kyaw Co., Ltd ","Lin Khant Kyaw Co., Ltd",Small scale,Small,2014-09-17,2014-09-17,2016-09-16,2016-09-16,Gold,Gold,18.5,18.5,Naung Moe,Naung Moe,SHML-609
0128/2015,"Golden Brothers Unity 
Mining Co., Ltd","Golden Brothers Unity Mining Co., Ltd",Small scale,Small,2015-06-17,2015-06-17,2016-06-16,2016-06-16,Gold,Gold,20,20,Naung Kham,Naung Kham,SHML-644
0023/2016,"Golden Brothers Unity 
Mining Co., Ltd","Golden Brothers Unity Mining Co., Ltd",Small scale,Small,2016-03-01,2016-03-01,2017-02-28,2017-02-28,Gold,Gold,20,20,Naung Taw,Naung Taw,SHML-680
0113/2014,"Nature Strength  Co., Ltd","Nature Strength Co., Ltd",Small scale,Small,2014-03-26,2014-03-26,2017-03-25,2017-03-25,Gold,Gold,12.5,12.5,Ole Bo Ka Tout,Ole Bo Ka Tout,SHML-573
0278/2014,"Haw Nan Htike Co., Ltd","Haw Nan Htike Co., Ltd",Small scale,Small,2014-11-26,2014-11-26,2016-11-25,2016-11-25,Gold,Gold,19.1,19.1,Naung Taw,Naung Taw,SHML-617
0209/2015,"Ngwe La Won Thar 
Mining Co., Ltd","Ngwe La Won Thar Mining Co., Ltd",Small scale,Small,2015-10-29,2015-10-29,2016-10-28,2016-10-28,Gold,Gold,15,15,Hell Phat,Hell Phat,SHML-662
0003/2016,"Ngwe La Won Thar 
Mining Co., Ltd","Ngwe La Won Thar Mining Co., Ltd",Small scale,Small,2016-01-06,2016-01-06,2017-01-05,2017-01-05,Gold,Gold,20,20,Htain gone,Htain gone,SHML-677
0207/2014,"Pyi Chit Thar Mining 
Co., Ltd","Pyi Chit Thar Mining Co., Ltd",Small scale,Small,2014-07-02,2014-07-02,2016-07-01,2016-07-01,Gold,Gold,20,20,Hell Phat,Hell Phat,SHML-580
0254/2014,"Gold Seven Star Co., Ltd","Gold Seven Star Co., Ltd",Small scale,Small,2014-10-01,2014-10-01,2016-09-30,2016-09-30,Gold,Gold,20,20,Hell Phat,Hell Phat,SHML-601
0275/2014,"Pyi Pyo San Mining 
Co., Ltd","Pyi Pyo San Mining Co., Ltd",Small scale,Small,2014-11-21,2014-11-21,2016-11-20,2016-11-20,Gold,Gold,20,20,Hta Man Thi,Hta Man Thi,SHML-590
0298/2014,"Shwe Toe Hlyan Co., Ltd","Shwe Toe Hlyan Co., Ltd",Small scale,Small,2014-12-24,2014-12-24,2016-12-23,2016-12-23,Gold,Gold,20,20,Laung Phaung,Laung Phaung,SHML-618
0287/2014,"Aung Shwe Sin Myat 
Co., Ltd","Aung Shwe Sin Myat Co., Ltd",Small scale,Small,2014-12-10,2014-12-10,2016-12-09,2016-12-09,Gold,Gold,20,20,Laung Phaung,Laung Phaung,SHML-612
0029/2016,"Aung Shwe Sin Myat 
Co., Ltd","Aung Shwe Sin Myat Co., Ltd",Small scale,Small,2016-03-09,2016-03-09,2017-03-08,2017-03-08,Gold,Gold,20,20,Laung Phaung,Laung Phaung,SHML-685
0060/2015,"San Pyae Thein Co., Ltd","San Pyae Thein Co., Ltd",Small scale,Small,2015-02-26,2015-02-26,2017-02-25,2017-02-25,Gold,Gold,20,20,Hta Man Thi,Hta Man Thi,SHML-627
0010/2016,"Professional Co., Ltd","Professional Co., Ltd",Small scale,Small,2016-01-27,2016-01-27,2017-01-26,2017-01-26,Gold,Gold,20,20,Htain gone,Htain gone,SHML-692
0064/2015,"Than Shwe Ye Aung 
Co., Ltd","Than Shwe Ye Aung Co., Ltd",Small scale,Small,2015-03-12,2015-03-12,2016-03-11,2016-03-11,Gold,Gold,20,20,Mine Kine,Mine Kine,SHML-632
0026/2016,"Than Shwe Ye Aung 
Co., Ltd","Than Shwe Ye Aung Co., Ltd",Small scale,Small,2016-03-01,2016-03-01,2017-02-28,2017-02-28,Gold,Gold,20,20,Mine Kine,Mine Kine,SHML-689
0027/2016,"Than Shwe Ye Aung 
Co., Ltd","Than Shwe Ye Aung Co., Ltd",Small scale,Small,2016-03-12,2016-03-12,2017-03-11,2017-03-11,Gold,Gold,20,20,Mine Kine,Mine Kine,SHML-690
0077/2015,"Pann Myat Satt Kyar Shin Co., Ltd","Pann Myat Satt Kyar Shin Co., Ltd",Small scale,Small,2016-03-18,2016-03-18,2017-03-17,2017-03-17,Gold,Gold,20,20,Shwe Twin,Shwe Twin,SHML-624
0099/2015,"Aung Pyae Pyae Phyo Co.,Ltd","Aung Pyae Pyae Phyo Co.,Ltd",Small scale,Small,2015-04-29,2015-04-29,2017-04-28,2017-04-28,Gold,Gold,16,16,Htain gone,Htain gone,SHML-646
0174/2015,"Aung Pyae Pyae Phyo Co.,Ltd","Aung Pyae Pyae Phyo Co.,Ltd",Small scale,Small,2015-08-19,2015-08-19,2016-08-18,2016-08-18,Gold,Gold,15.7,15.7,Htain gone,Htain gone,SHML-661
0107/2015,"Shwe Pwint Phu Aung San 
Co., Ltd","Shwe Pwint Phu Aung San Co., Ltd",Small scale,Small,2015-05-13,2015-05-13,2017-05-12,2017-05-12,Gold,Gold,13,13,Hell Phat,Hell Phat,SHML-638
0108/2015,"Myanmar Shwe Yazar 
Co., Ltd","Myanmar Shwe Yazar Co., Ltd",Small scale,Small,2015-05-13,2015-05-13,2017-05-12,2017-05-12,Gold,Gold,20,20,Hta Man Thi,Hta Man Thi,SHML-640
0094/2015,"Shwe Tatar Oo Co., Ltd","Shwe Tatar Oo Co., Ltd",Small scale,Small,2015-04-22,2015-04-22,2017-04-21,2017-04-21,Gold,Gold,20,20,Laung Phaung,Laung Phaung,SHML-647
0098/2015,"Yar Pyae OO 
Family Co., Ltd.","Yar Pyae OO Family Co., Ltd.",Small scale,Small,2015-04-29,2015-04-29,2016-04-28,2016-04-28,Gold,Gold,20,20,Kho Taung,Kho Taung,SHML-628
0156/2013,"Shwe Sin Moe Co., Ltd","Shwe Sin Moe Co., Ltd",Small scale,Small,2013-09-11,2013-09-11,2016-09-10,2016-09-10,Gold,Gold,20,20,Mine Kine,Mine Kine,SHML-386
0207/2015,"Shwe Sin Moe Co., Ltd","Shwe Sin Moe Co., Ltd",Small scale,Small,2015-10-29,2015-10-29,2016-10-28,2016-10-28,Gold,Gold,20,20,Mine Kine,Mine Kine,SHML-383
0019/2016,"Shwe Sin Moe Co., Ltd","Shwe Sin Moe Co., Ltd",Small scale,Small,2016-03-01,2016-03-01,2017-02-28,2017-02-28,Gold,Gold,20,20,Mine Kine,Mine Kine,SHML-681
0115/2015,"Kyi Lin Thant Family 
Mining Co.,Ltd","Kyi Lin Thant Family Mining Co.,Ltd",Small scale,Small,2015-05-27,2015-05-27,2016-05-26,2016-05-26,Gold,Gold,20,20,Hta Man Thi,Hta Man Thi,SHML-626
0130/2015,"Khant Soe Kyaw Co., Ltd","Khant Soe Kyaw Co., Ltd",Small scale,Small,2014-06-17,2014-06-17,2016-06-16,2016-06-16,Gold,Gold,15,15,Naung Taw,Naung Taw,SHML-657
0147/2015,"Shwe Myint Mo Taung Co., Ltd","Shwe Myint Mo Taung Co., Ltd",Small scale,Small,2015-07-15,2015-07-15,2016-07-14,2016-07-14,Gold,Gold,20,20,Kyune gone,Kyune gone,SHML-650
0149/2015,"Shwe Sat Paing Co., Ltd","Shwe Sat Paing Co., Ltd",Small scale,Small,2015-07-15,2015-07-15,2016-07-14,2016-07-14,Gold,Gold,20,20,Naunt Chaw,Naunt Chaw,SHML-654
0220/2015,"Shwe Sat Paing Co., Ltd","Shwe Sat Paing Co., Ltd",Small scale,Small,2015-12-02,2015-12-02,2016-12-01,2016-12-01,Gold,Gold,20,20,Laung Phaung,Laung Phaung,SHML-672
0243/2015,"Shwe Sat Paing Co., Ltd","Shwe Sat Paing Co., Ltd",Small scale,Small,2015-12-17,2015-12-17,2016-12-16,2016-12-16,Gold,Gold,19.5,19.5,Htain gone,Htain gone,SHML-676
0116/2015,"Shwe Yazar Min 
Groups Co., Ltd","Shwe Yazar Min Groups Co., Ltd",Small scale,Small,2015-05-27,2015-05-27,2017-05-26,2017-05-26,Gold,Gold,16.5,16.5,Laung Phaung,Laung Phaung,SHML-649
0138/2015,"Htut Khaung Kyaw 
Mining Co., Ltd","Htut Khaung Kyaw Mining Co., Ltd",Small scale,Small,2015-07-01,2015-07-01,2017-05-26,2017-05-26,Gold,Gold,20,20,Khoe Taung,Khoe Taung,SHML-622
0139/2015,"Htut Khaung Kyaw 
Mining Co., Ltd","Htut Khaung Kyaw Mining Co., Ltd",Small scale,Small,2015-07-01,2015-07-01,2016-06-30,2016-06-30,Gold,Gold,20,20,Khoe Taung,Khoe Taung,SHML-623
0127/2015,"Shwe Aye Yeik Co., Ltd","Shwe Aye Yeik Co., Ltd",Small scale,Small,2015-06-17,2015-06-17,2016-06-16,2016-06-16,Gold,Gold,20,20,Laung Phaung,Laung Phaung,SHML-639
0159/2015,"Hlyan Phone Aung 
Co., Ltd","Hlyan Phone Aung Co., Ltd",Small scale,Small,2015-07-29,2015-07-29,2016-07-28,2016-07-28,Gold,Gold,20,20,Htain gone,Htain gone,SHML-659
0144/2015,"Shwe San Aung 
Mining Co., Ltd","Shwe San Aung Mining Co., Ltd",Small scale,Small,2015-07-08,2015-07-08,2016-07-07,2016-07-07,Gold,Gold,20,20,Tinkyit  Naung Moe,Tinkyit  Naung Moe,SHML-652
0179/2015,"Shwe Lin Kyaw Co., Ltd","Shwe Lin Kyaw Co., Ltd",Small scale,Small,2015-09-09,2015-09-09,2016-09-08,2016-09-08,Gold,Gold,18,18,Mine Kine,Mine Kine,SHML-664
0190/2015,"Shwe Myaing Yadanar 
Antimony Ore Mining 
Co., Ltd","Shwe Myaing Yadanar Antimony Ore Mining Co., Ltd",Small scale,Small,2015-09-30,2015-09-30,2016-09-29,2016-09-29,Gold,Gold,17,17,Khoe Taung,Khoe Taung,SHML-658
0196/2015,"Pyi Lin Aung Co., Ltd","Pyi Lin Aung Co., Ltd",Small scale,Small,2015-10-14,2015-10-14,2016-10-13,2016-10-13,Gold,Gold,20,20,Yet Pha,Yet Pha,SHML-665
0208/2015,"Khine Soe Lin Co., Ltd","Khine Soe Lin Co., Ltd",Small scale,Small,2015-10-29,2015-10-29,2016-10-28,2016-10-28,Gold,Gold,20,20,Kyune gone,Kyune gone,SHML-669
0206/2015,"Madalar Seinn Gems & 
Jewellery Co., Ltd","Madalar Seinn Gems & Jewellery Co., Ltd",Small scale,Small,2015-10-29,2015-10-29,2016-10-28,2016-10-28,Gold,Gold,16,16,Naung Taw,Naung Taw,SHML-656
0198/2015,"Shwe Sin That Co., Ltd","Shwe Sin That Co., Ltd",Small scale,Small,2015-10-20,2015-10-20,2016-10-19,2016-10-19,Gold,Gold,20,20,Mar Lone,Mar Lone,SHML-663
0211/2015,"Aung Chan Pyae 
(SDW) Co., Ltd","Aung Chan Pyae (SDW) Co., Ltd",Small scale,Small,2015-11-04,2015-11-04,2016-11-03,2016-11-03,Gold,Gold,20,20,Yet Pha,Yet Pha,SHML-666
0210/2015,"Aung Chan Pyae 
(SDW) Co., Ltd","Aung Chan Pyae (SDW) Co., Ltd",Small scale,Small,2015-11-04,2015-11-04,2016-11-03,2016-11-03,Gold,Gold,20,20,Naung Yinn,Naung Yinn,SHML-667
0214/2015,"Aung Sit Thein Shwe 
Co., Ltd","Aung Sit Thein Shwe Co., Ltd",Small scale,Small,2015-11-11,2015-11-11,2016-11-10,2016-11-10,Gold,Gold,19,19,Hell Phat,Hell Phat,SHML-670
0224/2015,"Kyaw Htet Naing Co., Ltd","Kyaw Htet Naing Co., Ltd",Small scale,Small,2015-12-02,2015-12-02,2016-12-01,2016-12-01,Gold,Gold,20,20,Naung Kham,Naung Kham,SHML-675
0245/2015,"Shwe Pyi Kyal Takhon 
Co., Ltd ","Shwe Pyi Kyal Takhon Co., Ltd",Small scale,Small,2015-12-23,2015-12-23,2016-12-22,2016-12-22,Gold,Gold,17,17,Bo Gone,Bo Gone,SHML-671
0009/2016,"Hmu Myat Shin Co., Ltd","Hmu Myat Shin Co., Ltd",Small scale,Small,2016-01-20,2016-01-20,2017-01-19,2017-01-19,Gold,Gold,20,20,Laung Phaung,Laung Phaung,SHML-678
0007/2016,"Shwe Ting Htar Nay Co.,:Ltd","Shwe Ting Htar Nay Co.,:Ltd",Small scale,Small,2016-01-13,2016-01-13,2017-01-12,2017-01-12,Gold,Gold,20,20,Naung Taw,Naung Taw,SHML-668
0137/2015,"Shwe Taw Ya Co.,Ltd","Shwe Taw Ya Co.,Ltd",Small scale,Small,2015-07-01,2015-07-01,2016-06-30,2016-06-30,Gold,Gold,20,20,Sae Ti Sate,Sae Ti Sate,SHML-629
0014/2016,"Si Shwe Toe Co.,Ltd","Si Shwe Toe Co.,Ltd",Small scale,Small,2016-02-17,2016-02-17,2017-02-16,2017-02-16,Gold,Gold,20,20,Laung Phaung,Laung Phaung,SHML-682
0013/2016,"Bo Myint Min Zaw Co.,Ltd","Bo Myint Min Zaw Co.,Ltd",Small scale,Small,2016-02-10,2016-02-10,2017-02-09,2017-02-09,Gold,Gold,20,20,Laung Phaung,Laung Phaung,SHML-679
0015/2016,"Shwe War Win Aung 
Co., Ltd","Shwe War Win Aung Co., Ltd",Small scale,Small,2016-03-24,2016-03-24,2017-03-23,2017-03-23,Gold,Gold,20,20,Tar Mel Poat,Tar Mel Poat,SHML-694
0016/2016,"Aung Kein Co.,Ltd","Aung Kein Co.,Ltd",Small scale,Small,2016-02-24,2016-02-24,2017-02-23,2017-02-23,Gold,Gold,20,20,Hell Phat,Hell Phat,SHML-695
0028/2016,"Moe Hein San Co., Ltd","Moe Hein San Co., Ltd",Small scale,Small,2016-03-09,2016-03-09,2017-03-08,2017-03-08,Gold,Gold,13,13,Hell Phat,Hell Phat,SHML-693
0017/2016,"Pi Naung Tai Co., Ltd","Pi Naung Tai Co., Ltd",Small scale,Small,2016-03-01,2016-03-01,2017-02-28,2017-02-28,Gold,Gold,20,20,Laung Phaung,Laung Phaung,SHML-563A
0049/2016,"Shinn Thant Aung Myin 
Mining Co., Ltd","Shinn Thant Aung Myin Mining Co., Ltd",Small scale,Small,2016-03-16,2016-03-16,2017-03-15,2017-03-15,Gold,Gold,20,20,Hell Phat,Hell Phat,SHML-688
0020/2016,"Shwe Aye Yeik Co., Ltd","Shwe Aye Yeik Co., Ltd",Small scale,Small,2016-03-01,2016-03-01,2017-02-28,2017-02-28,Gold,Gold,20,20,Laung Phaung,Laung Phaung,SHML-684
0030/2016,"Sein Mya Lwin 
Mining Co., Ltd","Sein Mya Lwin Mining Co., Ltd",Small scale,Small,2016-03-09,2016-03-09,2017-03-08,2017-03-08,Gold,Gold,20,20,Mine Kine,Mine Kine,SHML-683
0073/2016,"Yadanar Kyi Mar Aung 
Mining Co.,Ltd","Yadanar Kyi Mar Aung Mining Co.,Ltd",Small scale,Small,2016-03-24,2016-03-24,2017-03-23,2017-03-23,Gold,Gold,20,20,Shwe Twin,Shwe Twin,SHML-697
0053/2016,"Treasure of Truth Co., Ltd","Treasure of Truth Co., Ltd",Small scale,Small,2016-03-24,2016-03-24,2017-03-23,2017-03-23,Gold,Gold,20,20,Tone Hell,Tone Hell,SHML-686
0052/2016,"Marga Shwe Taung 
Co., Ltd","Marga Shwe Taung Co., Ltd",Small scale,Small,2016-03-24,2016-03-24,2017-03-23,2017-03-23,Gold,Gold,20,20,Hell Phat,Hell Phat,SHML-698
0055/2016,"Shwe Yaung Hlwan 
Shan Nee Co., Ltd","Shwe Yaung Hlwan Shan Nee Co., Ltd",Small scale,Small,2016-03-24,2016-03-24,2017-03-23,2017-03-23,Gold,Gold,14,14,Naung Phar Mu,Naung Phar Mu,SHML-696
0290/2009,"Aye Aye Khaing 
Mining Co., Ltd.","Aye Aye Khaing Mining Co., Ltd.",Small scale,Small,2009-12-01,2009-12-01,2016-11-30,2016-11-30,Gold,Gold,20,20,Mine Tone Tar,Mine Tone Tar,SPLB-37
0235/2014,"Cho Group Manufacturing 
Co., Ltd","Cho Group Manufacturing Co., Ltd",Small scale,Small,2014-08-27,2014-08-27,2016-08-26,2016-08-26,Gold,Gold,20,20,Man Gyi Pin,Man Gyi Pin,SPLB-56
0300/2014,"Kan Tar ya Seinn 
Mining Co., Ltd","Kan Tar ya Seinn Mining Co., Ltd",Small scale,Small,2014-12-24,2014-12-24,2016-12-23,2016-12-23,Gold,Gold,20,20,Man Gyi Pin,Man Gyi Pin,SPLB-57
0008/2015,"Awzar Shwe Pyae 
Mining Co., Ltd","Awzar Shwe Pyae Mining Co., Ltd",Small scale,Small,2015-01-07,2015-01-07,2017-01-06,2017-01-06,Gold,Gold,20,20,Maw Kwin,Maw Kwin,SPLB-61
0051/2014,"Shwe La Wyaing 
Manufacturing Co., Ltd","Shwe La Wyaing Manufacturing Co., Ltd",Small scale,Small,30/2/2014,2014-03-02,2016-12-29,2016-12-29,Gold,Gold,20,20,Igyi,Igyi,SKL-60
0131/2014,"Phyo Than Co., Ltd","Phyo Than Co., Ltd",Small scale,Small,2014-03-04,2014-03-04,2017-03-03,2017-03-03,Gold,Gold,15.67,15.67,Moe Nhan,Moe Nhan,SKL-61
0213/2015,"Man Shwe Thitsar 
Gems & Jewellery Co., Ltd","Man Shwe Thitsar Gems & Jewellery Co., Ltd",Small scale,Small,2015-11-04,2015-11-04,2016-11-03,2016-11-03,Gold,Gold,15,15,Taung Kyar,Taung Kyar,SKL-63
0235/2015,"Shwe Pwint Phoo Aung 
Co., Ltd","Shwe Pwint Phoo Aung Co., Ltd",Small scale,Small,2015-12-10,2015-12-10,2016-12-09,2016-12-09,Gold,Gold,20,20,Inn gyi,Inn gyi,SKTA-4
0236/2015,"Kaung Myat Yadanar Lin 
Co., Ltd","Kaung Myat Yadanar Lin Co., Ltd",Small scale,Small,2015-12-10,2015-12-10,2016-12-09,2016-12-09,Gold,Gold,20,20,Inn gyi,Inn gyi,SKTA-5
0148/2015,"Zaw Toe Toe Aung 
Mining Co., Ltd ","Zaw Toe Toe Aung Mining Co., Ltd",Small scale,Small,2015-07-15,2015-07-15,2016-07-14,2016-07-14,Gold,Gold,20,20,Kaung Hein,Kaung Hein,SKTI-36
0124/2014,"Shwe Pyae Thein Co.,Ltd","Shwe Pyae Thein Co.,Ltd",Small scale,Small,2014-04-09,2014-04-09,2016-04-08,2016-04-08,Gold,Gold,10,10,Zinn,Zinn,SKBL-1
0161/2014,"Shwe Martar 
Mining Co.,Ltd","Shwe Martar Mining Co.,Ltd",Small scale,Small,2014-05-28,2014-05-28,2016-05-27,2016-05-27,Gold,Gold,10,10,Zinn,Zinn,SKBL-2
0243/2014,"Shwe Pyi Kyaw Co., Ltd","Shwe Pyi Kyaw Co., Ltd",Small scale,Small,2014-09-17,2014-09-17,2016-09-16,2016-09-16,Gold,Gold,20,20,Mout Pa Linn,Mout Pa Linn,SPB-33
0050/2016,"Swan Zayar Co., Ltd","Swan Zayar Co., Ltd",Small scale,Small,2016-03-24,2016-03-24,2017-03-23,2017-03-23,Gold,Gold,20,20,Sanndar,Sanndar,SPB-35
0051/2016,"Swan Zayar Co., Ltd","Swan Zayar Co., Ltd",Small scale,Small,2016-03-24,2016-03-24,2017-03-23,2017-03-23,Gold,Gold,20,20,Lae Eu,Lae Eu,SPB-36
0095/2015,"Lwin & Naing Friends 
Co., Ltd","Lwin & Naing Friends Co., Ltd",Small scale,Small,2015-04-22,2015-04-22,2016-04-21,2016-04-21,Gold,Gold,20,20,Kyaung Gone,Kyaung Gone,SID-11
0175/2015,"Sann Shwe Pyi 
Gold & Mining Co., Ltd","Sann Shwe Pyi Gold & Mining Co., Ltd",Small scale,Small,2015-09-09,2015-09-09,2016-09-08,2016-09-08,Gold,Gold,20,20,Ma Khauk,Ma Khauk,SSB-1
0176/2015,"Shwe Thein Than Kabar 
Mineral Manufacturing 
Co., Ltd","Shwe Thein Than Kabar Mineral Manufacturing Co., Ltd",Small scale,Small,2015-09-09,2015-09-09,2016-09-08,2016-09-08,Gold,Gold,19,19,Ma Khauk,Ma Khauk,SSB-2
0177/2015,"Shwe Thein Than Kabar 
Mineral Manufacturing 
Co., Ltd","Shwe Thein Than Kabar Mineral Manufacturing Co., Ltd",Small scale,Small,2015-09-09,2015-09-09,2016-09-08,2016-09-08,Gold,Gold,20,20,Ma Khauk,Ma Khauk,SSB-3
0178/2015,"Shwe Pyi Thar Godl 
Production & Refining 
Co., Ltd","Shwe Pyi Thar Godl Production & Refining Co., Ltd",Small scale,Small,2015-09-09,2015-09-09,2016-09-08,2016-09-08,Gold,Gold,20,20,Ma Khauk,Ma Khauk,SSB-4
0133/20151,"Anetga Yadanar Aung 
Mining Co., Ltd.","Anetga Yadanar Aung Mining Co., Ltd.",Small scale,Small,2015-06-24,2015-06-24,2016-06-23,2016-06-23,Gold,Gold,20,20,Yae Ngan Gyi,Yae Ngan Gyi,TBP-3
0217/2015,"Hein Myat Htike Co., Ltd.","Hein Myat Htike Co., Ltd.",Small scale,Small,2015-11-18,2015-11-18,2016-11-17,2016-11-17,Gold,Gold,20,20,Yae Ngan Gyi,Yae Ngan Gyi,TBP-4
0395/2011,"Golden Target Mining
Co.,Ltd","Golden Target Mining Co.,Ltd",Small scale,Small,2011-12-07,2011-12-07,2016-12-06,2016-12-06,Gold,Gold,20,20,Win Ka Nain,Win Ka Nain,SGN-137
0011/2016,"Ka Nyaw Htoo Do Soe Co.,Ltd","Ka Nyaw Htoo Do Soe Co.,Ltd",Small scale,Small,2016-01-27,2016-01-27,2017-01-26,2017-01-26,Gold,Gold,20,20,Ingani,Ingani,SGN-142
0239/2011,"Future Engineering & 
Gold Mining Co., Ltd.","Future Engineering & Gold Mining Co., Ltd.",Small scale,Small,2011-02-25,2011-02-25,2017-02-24,2017-02-24,Gold,Gold,20,20,Own Zone,Own Zone,TPK-126
0240/2011,"Future Engineering & 
Gold Mining Co., Ltd.","Future Engineering & Gold Mining Co., Ltd.",Small scale,Small,2011-02-25,2011-02-25,2017-02-24,2017-02-24,Gold,Gold,20,20,Own Zone,Own Zone,TPK-127
0179/2013,"Future Engineering & 
Gold Mining Co., Ltd.","Future Engineering & Gold Mining Co., Ltd.",Small scale,Small,2013-02-25,2013-02-25,2017-02-24,2017-02-24,Gold,Gold,20,20,Own Zone,Own Zone,TPK-72A
0180/2013,"Future Engineering & 
Gold Mining Co., Ltd.","Future Engineering & Gold Mining Co., Ltd.",Small scale,Small,2011-02-25,2011-02-25,2017-02-24,2017-02-24,Gold,Gold,20,20,Own Zone,Own Zone,TPK-72B
0035/2011,"Shwe Pyi Thar Gold 
Production & Refining 
Co., Ltd.","Shwe Pyi Thar Gold Production & Refining Co., Ltd.",Small scale,Small,2011-01-18,2011-01-18,2017-01-17,2017-01-17,Gold,Gold,20,20,Own Zone,Own Zone,TPK-104
0036/2011,"Shwe Pyi Thar Gold 
Production & Refining 
Co., Ltd.","Shwe Pyi Thar Gold Production & Refining Co., Ltd.",Small scale,Small,2011-01-18,2011-01-18,2017-01-17,2017-01-17,Gold,Gold,20,20,Own Zone,Own Zone,TPK-105
0161/2012,"Shwe Pyi Thar Gold 
Production & Refining 
Co., Ltd.","Shwe Pyi Thar Gold Production & Refining Co., Ltd.",Small scale,Small,2012-08-30,2012-08-30,2016-08-29,2016-08-29,Gold,Gold,20,20,Chaung Gyi,Chaung Gyi,TPK-150
0078/2011,"Shwe Wah Taung 
Mining Co., Ltd.","Shwe Wah Taung Mining Co., Ltd.",Small scale,Small,2011-01-18,2011-01-18,2017-01-17,2017-01-17,Gold,Gold,20,20,Kwin (30),Kwin (30),TPK-106
0232/2011,"Shwe Wah Taung 
Mining Co., Ltd.","Shwe Wah Taung Mining Co., Ltd.",Small scale,Small,2011-02-25,2011-02-25,2017-02-24,2017-02-24,Gold,Gold,20,20,Own Zone,Own Zone,TPK-114
0287/2011,"Shwe Wah Taung 
Mining Co., Ltd.","Shwe Wah Taung Mining Co., Ltd.",Small scale,Small,2011-03-24,2011-03-24,2017-03-23,2017-03-23,Gold,Gold,20,20,Own Zone,Own Zone,TPK-113
0154/2011,"Myanmar Golden Point 
Family Co., Ltd.","Myanmar Golden Point Family Co., Ltd.",Small scale,Small,2011-02-07,2011-02-07,2017-02-06,2017-02-06,Gold,Gold,20,20,Wat Thay,Wat Thay,TPK-107
0155/2011,"Myanmar Golden Point 
Family Co., Ltd.","Myanmar Golden Point Family Co., Ltd.",Small scale,Small,2011-02-07,2011-02-07,2017-02-06,2017-02-06,Gold,Gold,20,20,Wat Thay,Wat Thay,TPK-108
0156/2011,"Myanmar Golden Point 
Family Co., Ltd.","Myanmar Golden Point Family Co., Ltd.",Small scale,Small,2011-02-07,2011-02-07,2017-02-06,2017-02-06,Gold,Gold,20,20,Wat Thay,Wat Thay,TPK-109
0157/2011,"Myanmar Golden Point 
Family Co., Ltd.","Myanmar Golden Point Family Co., Ltd.",Small scale,Small,2011-02-07,2011-02-07,2017-02-06,2017-02-06,Gold,Gold,20,20,Wat Thay,Wat Thay,TPK-110
0158/2011,"Myanmar Golden Point 
Family Co., Ltd.","Myanmar Golden Point Family Co., Ltd.",Small scale,Small,2011-02-07,2011-02-07,2017-02-06,2017-02-06,Gold,Gold,20,20,Wat Thay,Wat Thay,TPK-111
0159/2011,"Myanmar Golden Point 
Family Co., Ltd.","Myanmar Golden Point Family Co., Ltd.",Small scale,Small,2011-02-07,2011-02-07,2017-02-06,2017-02-06,Gold,Gold,15,15,Wat Thay,Wat Thay,TPK-112
0198/2013,"Myanmar Golden Point 
Family Co., Ltd.","Myanmar Golden Point Family Co., Ltd.",Small scale,Small,2013-11-21,2013-11-21,2016-11-20,2016-11-20,Gold,Gold,20,20,Wat Thay,Wat Thay,TWT-A
0199/2013,"Myanmar Golden Point 
Family Co., Ltd.","Myanmar Golden Point Family Co., Ltd.",Small scale,Small,2013-11-21,2013-11-21,2016-11-20,2016-11-20,Gold,Gold,20,20,Wat Thay,Wat Thay,TWT-B
0200/2013,"Myanmar Golden Point 
Family Co., Ltd.","Myanmar Golden Point Family Co., Ltd.",Small scale,Small,2013-11-21,2013-11-21,2016-11-20,2016-11-20,Gold,Gold,20,20,Wat Thay,Wat Thay,TWT-C
0201/2013,"Myanmar Golden Point 
Family Co., Ltd.","Myanmar Golden Point Family Co., Ltd.",Small scale,Small,2013-11-21,2013-11-21,2016-11-20,2016-11-20,Gold,Gold,20,20,Wat Thay,Wat Thay,TWT-D
0221/2011,"Eternal Mining Co.,Ltd","Eternal Mining Co.,Ltd",Small scale,Small,2011-02-25,2011-02-25,2017-02-24,2017-02-24,Gold,Gold,20,20,Own Zone,Own Zone,TPK-115
0223/2011,"Eternal Mining Co.,Ltd","Eternal Mining Co.,Ltd",Small scale,Small,2011-02-25,2011-02-25,2017-02-24,2017-02-24,Gold,Gold,20,20,Own Zone,Own Zone,TPK-117
0224/2011,"Eternal Mining Co.,Ltd","Eternal Mining Co.,Ltd",Small scale,Small,2011-02-25,2011-02-25,2017-02-24,2017-02-24,Gold,Gold,20,20,Own Zone,Own Zone,TPK-118
0228/2011,"Eternal Mining Co.,Ltd","Eternal Mining Co.,Ltd",Small scale,Small,2011-02-25,2011-02-25,2017-02-24,2017-02-24,Gold,Gold,20,20,Own Zone,Own Zone,TPK-122
0229/2011,"Eternal Mining Co.,Ltd","Eternal Mining Co.,Ltd",Small scale,Small,2011-02-25,2011-02-25,2017-02-24,2017-02-24,Gold,Gold,20,20,Own Zone,Own Zone,TPK-123
0124/2012,"Shwe Su Su Than 
Mining Co., Ltd.","Shwe Su Su Than Mining Co., Ltd.",Small scale,Small,2012-08-08,2012-08-08,2016-08-07,2016-08-07,Gold,Gold,20,20,Chaung Gyi,Chaung Gyi,TPK-141
0034/2012,"Shwe Thein Than Kabar 
Mineral Manufacturing 
Co., Ltd.","Shwe Thein Than Kabar Mineral Manufacturing Co., Ltd.",Small scale,Small,2012-01-11,2012-01-11,2017-01-10,2017-01-10,Gold,Gold,20,20,(7)mile,(7)mile,TPK-139
0035/2012,"Shwe Thein Than Kabar 
Mineral Manufacturing 
Co., Ltd.","Shwe Thein Than Kabar Mineral Manufacturing Co., Ltd.",Small scale,Small,2012-01-11,2012-01-11,2017-01-10,2017-01-10,Gold,Gold,20,20,(7)mile,(7)mile,TPK-140
0163/2012,"Shwe Thein Than Kabar 
Mineral Manufacturing 
Co., Ltd.","Shwe Thein Than Kabar Mineral Manufacturing Co., Ltd.",Small scale,Small,2012-08-30,2012-08-30,2016-08-29,2016-08-29,Gold,Gold,20,20,Chaung Gyi,Chaung Gyi,TPK-149
0033/2012,"Kyaw Soe Ya Mining & Production Co., Ltd.","Kyaw Soe Ya Mining & Production Co., Ltd.",Small scale,Small,2012-01-10,2012-01-10,2017-01-09,2017-01-09,Gold,Gold,20,20,Chaung Gyi,Chaung Gyi,TPK-138
0127/2012,"Shwe Than Danan 
Co.,Ltd","Shwe Than Danan Co.,Ltd",Small scale,Small,2012-08-08,2012-08-08,2016-08-07,2016-08-07,Gold,Gold,20,20,Chaung Gyi,Chaung Gyi,TPK-142
0143/2012,"Shwe Chaung Gyi 
Mining Co.,Ltd","Shwe Chaung Gyi Mining Co.,Ltd",Small scale,Small,2012-08-20,2012-08-20,2016-08-19,2016-08-19,Gold,Gold,9.38,9.38,Chaung Gyi,Chaung Gyi,TPK-143
0122/2012,"G.D.Roc Co., Ltd.","G.D.Roc Co., Ltd.",Small scale,Small,2012-08-08,2012-08-08,2016-08-07,2016-08-07,Gold,Gold,20,20,(7)mile,(7)mile,TPK-146
0123/2012,"G.D.Roc Co., Ltd.","G.D.Roc Co., Ltd.",Small scale,Small,2012-08-08,2012-08-08,2016-08-07,2016-08-07,Gold,Gold,20,20,(7)mile,(7)mile,TPK-147
0222/2012,"Sixteen Star Co.,Ltd","Sixteen Star Co.,Ltd",Small scale,Small,2012-11-08,2012-11-08,2016-11-07,2016-11-07,Gold,Gold,20,20,Chaung Gyi,Chaung Gyi,TPK-152
0010/2013,"Aung Myittar Shin 
Mining Co.,Ltd","Aung Myittar Shin Mining Co.,Ltd",Small scale,Small,2013-01-02,2013-01-02,2017-01-01,2017-01-01,Gold,Gold,14.31,14.31,Nga Tant Eie,Nga Tant Eie,TPK-156
0003/2013,"Southern Value 
Mining Co.,Ltd","Southern Value Mining Co.,Ltd",Small scale,Small,2013-12-12,2013-12-12,2016-12-11,2016-12-11,Gold,Gold,20,20,(7)mile,(7)mile,TPK-157
0029/2013,"Myanmar Kyin Sein 
Co.,Ltd","Myanmar Kyin Sein Co.,Ltd",Small scale,Small,2013-01-30,2013-01-30,2017-01-29,2017-01-29,Gold,Gold,20,20,Wa phu taung,Wa phu taung,TPK-160
0030/2013,"Myanmar Kyin Sein 
Co.,Ltd","Myanmar Kyin Sein Co.,Ltd",Small scale,Small,2013-01-30,2013-01-30,2017-01-29,2017-01-29,Gold,Gold,20,20,Wa phu taung,Wa phu taung,TPK-161
0031/2013,"Myanmar Kyin Sein 
Co.,Ltd","Myanmar Kyin Sein Co.,Ltd",Small scale,Small,2013-01-30,2013-01-30,2017-01-29,2017-01-29,Gold,Gold,20,20,Wa phu taung,Wa phu taung,TPK-162
0032/2013,"Myanmar Kyin Sein 
Co.,Ltd","Myanmar Kyin Sein Co.,Ltd",Small scale,Small,2013-01-30,2013-01-30,2017-01-29,2017-01-29,Gold,Gold,20,20,Wa phu taung,Wa phu taung,TPK-163
0033/2013,"Myanmar Kyin Sein 
Co.,Ltd","Myanmar Kyin Sein Co.,Ltd",Small scale,Small,2013-01-30,2013-01-30,2017-01-29,2017-01-29,Gold,Gold,20,20,Wa phu taung,Wa phu taung,TPK-164
0034/2013,"Phwint Phyo Thit Co.,Ltd","Phwint Phyo Thit Co.,Ltd",Small scale,Small,2013-02-06,2013-02-06,2017-02-05,2017-02-05,Gold,Gold,20,20,Wa phu taung,Wa phu taung,TPK-165
0035/2013,"Phwint Phyo Thit Co.,Ltd","Phwint Phyo Thit Co.,Ltd",Small scale,Small,2013-02-06,2013-02-06,2017-02-05,2017-02-05,Gold,Gold,20,20,Wa phu taung,Wa phu taung,TPK-166
0072/2013,"Myanmar Shwe ToePwar Mann Mining Co.,Ltd","Myanmar Shwe ToePwar Mann Mining Co.,Ltd",Small scale,Small,2013-04-03,2013-04-03,2017-04-02,2017-04-02,Gold,Gold,20,20,Own Zone,Own Zone,TPK-168
0093/2013,"Shwe Mi Khin Taung 
Mining Co.,Ltd","Shwe Mi Khin Taung Mining Co.,Ltd",Small scale,Small,2013-04-03,2013-04-03,2017-04-02,2017-04-02,Gold,Gold,16,16,Chaung Gyi,Chaung Gyi,TPK-171
0074/2014,"Yadanar Tha Khin 
Mining Co.,Ltd","Yadanar Tha Khin Mining Co.,Ltd",Small scale,Small,2014-02-28,2014-02-28,2017-02-27,2017-02-27,Gold,Gold,20,20,Own Zone,Own Zone,TPK-181
0171/2014,"Yadanar Aung Taw Mu 
Mining Co., Ltd.","Yadanar Aung Taw Mu Mining Co., Ltd.",Small scale,Small,2014-03-20,2014-03-20,2017-03-19,2017-03-19,Gold,Gold,20,20,Own Zone,Own Zone,TPK-177
0172/2014,"Yadanar Aung Taw Mu 
Mining Co., Ltd.","Yadanar Aung Taw Mu Mining Co., Ltd.",Small scale,Small,2014-03-20,2014-03-20,2017-03-19,2017-03-19,Gold,Gold,20,20,Own Zone,Own Zone,TPK-178
0173/2014,"Yadanar Aung Taw Mu 
Mining Co., Ltd.","Yadanar Aung Taw Mu Mining Co., Ltd.",Small scale,Small,2014-03-20,2014-03-20,2017-03-19,2017-03-19,Gold,Gold,20,20,Own Zone,Own Zone,TPK-179
0174/2014,"Yadanar Aung Taw Mu 
Mining Co., Ltd.","Yadanar Aung Taw Mu Mining Co., Ltd.",Small scale,Small,2014-03-20,2014-03-20,2017-03-19,2017-03-19,Gold,Gold,20,20,Own Zone,Own Zone,TPK-180
0028/2015,"Myanmar Economic 
Holding Ltd.",Myanmar Economic Holding Ltd.,Small scale,Small,2015-01-28,2015-01-28,2017-01-27,2017-01-27,Gold,Gold,20,20,Own Zone,Own Zone,TPK-193
0029/2015,"Myanmar Economic 
Holding Ltd.",Myanmar Economic Holding Ltd.,Small scale,Small,2015-01-28,2015-01-28,2017-01-27,2017-01-27,Gold,Gold,20,20,Own Zone,Own Zone,TPK-194
0030/2015,"Myanmar Economic 
Holding Ltd.",Myanmar Economic Holding Ltd.,Small scale,Small,2015-01-28,2015-01-28,2017-01-27,2017-01-27,Gold,Gold,18,18,Own Zone,Own Zone,TPK-195
0031/2015,"Myanmar Economic 
Holding Ltd.",Myanmar Economic Holding Ltd.,Small scale,Small,2015-01-28,2015-01-28,2017-01-27,2017-01-27,Gold,Gold,20,20,Own Zone,Own Zone,TPK-196
0033/2015,"Myanmar Economic 
Holding Ltd.",Myanmar Economic Holding Ltd.,Small scale,Small,2015-01-28,2015-01-28,2017-01-27,2017-01-27,Gold,Gold,18,18,Own Zone,Own Zone,TPK-200
0034/2015,"Myanmar Economic 
Holding Ltd.",Myanmar Economic Holding Ltd.,Small scale,Small,2015-01-28,2015-01-28,2017-01-27,2017-01-27,Gold,Gold,20,20,Own Zone,Own Zone,TPK-201
0035/2015,"Myanmar Economic 
Holding Ltd.",Myanmar Economic Holding Ltd.,Small scale,Small,2015-01-28,2015-01-28,2017-01-27,2017-01-27,Gold,Gold,20,20,Own Zone,Own Zone,TPK-202
0036/2015,"Myanmar Economic 
Holding Ltd.",Myanmar Economic Holding Ltd.,Small scale,Small,2015-01-28,2015-01-28,2017-01-27,2017-01-27,Gold,Gold,20,20,Own Zone,Own Zone,TPK-203
0037/2015,"Myanmar Economic 
Holding Ltd.",Myanmar Economic Holding Ltd.,Small scale,Small,2015-01-28,2015-01-28,2017-01-27,2017-01-27,Gold,Gold,20,20,Own Zone,Own Zone,TPK-205
0038/2015,"Myanmar Economic 
Holding Ltd.",Myanmar Economic Holding Ltd.,Small scale,Small,2015-01-28,2015-01-28,2017-01-27,2017-01-27,Gold,Gold,20,20,Own Zone,Own Zone,TPK-207
0039/2015,"Myanmar Economic 
Holding Ltd.",Myanmar Economic Holding Ltd.,Small scale,Small,2015-01-28,2015-01-28,2017-01-27,2017-01-27,Gold,Gold,20,20,Own Zone,Own Zone,TPK-208
0040/2015,"Myanmar Economic 
Holding Ltd.",Myanmar Economic Holding Ltd.,Small scale,Small,2015-01-28,2015-01-28,2017-01-27,2017-01-27,Gold,Gold,20,20,Own Zone,Own Zone,TPK-209
0041/2015,"Myanmar Economic 
Holding Ltd.",Myanmar Economic Holding Ltd.,Small scale,Small,2015-01-28,2015-01-28,2017-01-27,2017-01-27,Gold,Gold,20,20,Own Zone,Own Zone,TPK-210
0042/2015,"Myanmar Economic 
Holding Ltd.",Myanmar Economic Holding Ltd.,Small scale,Small,2015-01-28,2015-01-28,2017-01-27,2017-01-27,Gold,Gold,20,20,Own Zone,Own Zone,TPK-211
0043/2015,"Myanmar Economic 
Holding Ltd.",Myanmar Economic Holding Ltd.,Small scale,Small,2015-01-28,2015-01-28,2017-01-27,2017-01-27,Gold,Gold,20,20,Own Zone,Own Zone,TPK-212
0044/2015,"Myanmar Economic 
Holding Ltd.",Myanmar Economic Holding Ltd.,Small scale,Small,2015-01-28,2015-01-28,2017-01-27,2017-01-27,Gold,Gold,20,20,Own Zone,Own Zone,TPK-213
0045/2015,"Myanmar Economic 
Holding Ltd.",Myanmar Economic Holding Ltd.,Small scale,Small,2015-01-28,2015-01-28,2017-01-27,2017-01-27,Gold,Gold,20,20,Own Zone,Own Zone,TPK-214
0166/2015,"Myanmar Economic 
Holding Ltd.",Myanmar Economic Holding Ltd.,Small scale,Small,2015-08-12,2015-08-12,2016-08-11,2016-08-11,Gold,Gold,13.43,13.43,Own Zone,Own Zone,TPK-218
0167/2015,"Myanmar Economic 
Holding Ltd.",Myanmar Economic Holding Ltd.,Small scale,Small,2015-08-12,2015-08-12,2016-08-11,2016-08-11,Gold,Gold,7.28,7.28,Own Zone,Own Zone,TPK-219
0168/2015,"Myanmar Economic 
Holding Ltd.",Myanmar Economic Holding Ltd.,Small scale,Small,2015-08-12,2015-08-12,2016-08-11,2016-08-11,Gold,Gold,7.99,7.99,Own Zone,Own Zone,TPK-220
0031/2016,"Myanmar Economic 
Holding Ltd.",Myanmar Economic Holding Ltd.,Small scale,Small,2016-03-09,2016-03-09,2017-03-08,2017-03-08,Gold,Gold,20,20,Own Zone,Own Zone,TPK-198
0032/2016,"Myanmar Economic 
Holding Ltd.",Myanmar Economic Holding Ltd.,Small scale,Small,2016-03-09,2016-03-09,2017-03-08,2017-03-08,Gold,Gold,20,20,Own Zone,Own Zone,TPK-199
0033/2016,"Myanmar Economic 
Holding Ltd.",Myanmar Economic Holding Ltd.,Small scale,Small,2016-03-09,2016-03-09,2017-03-08,2017-03-08,Gold,Gold,20,20,Own Zone,Own Zone,TPK-204
0034/2016,"Myanmar Economic 
Holding Ltd.",Myanmar Economic Holding Ltd.,Small scale,Small,2016-03-09,2016-03-09,2017-03-08,2017-03-08,Gold,Gold,20,20,Own Zone,Own Zone,TPK-206
0035/2016,"Myanmar Economic 
Holding Ltd.",Myanmar Economic Holding Ltd.,Small scale,Small,2016-03-09,2016-03-09,2017-03-08,2017-03-08,Gold,Gold,20,20,Own Zone,Own Zone,TPK-215
0096/2015,"Gold Winner 
Association Co.,Ltd","Gold Winner Association Co.,Ltd",Small scale,Small,2015-04-29,2015-04-29,2017-04-28,2017-04-28,Gold,Gold,20,20,Own Zone,Own Zone,TPK-216
0097/2015,"Gold Winner 
Association Co.,Ltd","Gold Winner Association Co.,Ltd",Small scale,Small,2015-04-29,2015-04-29,2017-04-28,2017-04-28,Gold,Gold,20,20,Wa phu taung,Wa phu taung,TPK-217
0106/2015,"Myanmar Geo Land 
Co., Ltd.","Myanmar Geo Land Co., Ltd.",Small scale,Small,2015-05-13,2015-05-13,2016-05-12,2016-05-12,Gold,Gold,20,20,"(7)mile, Chan Thar","(7)mile, Chan Thar",TPK-187
0134/2015,"Shwe Moe San Eain 
Co.,Ltd","Shwe Moe San Eain Co.,Ltd",Small scale,Small,2015-06-24,2015-06-24,2016-06-23,2016-06-23,Gold,Gold,20,20,"(7)mile, Chan Thar","(7)mile, Chan Thar",TPK-192
0158/2015,"Win Win Htein 
Mining Co.,Ltd","Win Win Htein Mining Co.,Ltd",Small scale,Small,2015-07-29,2015-07-29,2016-07-28,2016-07-28,Gold,Gold,10,10,(7)mile,(7)mile,TPK-176
0216/2015,"Wai Lin Hteik Co.,Ltd","Wai Lin Hteik Co.,Ltd",Small scale,Small,2015-11-11,2015-11-11,2016-11-10,2016-11-10,Gold,Gold,20,20,Own Zone,Own Zone,TPK-221
0008/2016,"United Power 
Resources Co., Ltd","United Power Resources Co., Ltd",Small scale,Small,2016-01-20,2016-01-20,2017-01-19,2017-01-19,Gold,Gold,20,20,Own Zone,Own Zone,TPK-222
0190/2014,"Yadanar Moe Myay 
Mining Co., Ltd","Yadanar Moe Myay Mining Co., Ltd",Small scale,Small,2014-06-06,2014-06-06,2016-06-05,2016-06-05,Gold,Gold,17.78,17.78,Nat Taung,Nat Taung,SGU-236
0191/2014,"Yadanar Moe Myay 
Mining Co., Ltd","Yadanar Moe Myay Mining Co., Ltd",Small scale,Small,2014-06-06,2014-06-06,2016-06-05,2016-06-05,Gold,Gold,20,20,Nat Taung,Nat Taung,SGU-237
0192/2014,"Yadanar Moe Myay 
Mining Co., Ltd","Yadanar Moe Myay Mining Co., Ltd",Small scale,Small,2014-06-06,2014-06-06,2016-06-05,2016-06-05,Gold,Gold,20,20,Nat Taung,Nat Taung,SGU-238
0036/2009,"Myauk Kyunn Thu Ma Ma
Mining & Refinery Co., Ltd","Myauk Kyunn Thu Ma Ma Mining & Refinery Co., Ltd",Small scale,Small,2009-12-01,2009-12-01,2016-11-30,2016-11-30,Gold,Gold,20,20,Kan Taung,Kan Taung,SGU-2A
0302/2009,"Myauk Kyunn Thu Ma Ma
Mining & Refinery Co., Ltd","Myauk Kyunn Thu Ma Ma Mining & Refinery Co., Ltd",Small scale,Small,2009-12-01,2009-12-01,2016-11-30,2016-11-30,Gold,Gold,20,20,Kyi Taut Pauk,Kyi Taut Pauk,SGU-2B
0305/2009,"Myauk Kyunn Thu Ma Ma
Mining & Refinery Co., Ltd","Myauk Kyunn Thu Ma Ma Mining & Refinery Co., Ltd",Small scale,Small,2009-12-01,2009-12-01,2016-11-30,2016-11-30,Gold,Gold,20,20,Kyi Taut Pauk,Kyi Taut Pauk,SGU-5A
0306/2009,"Myauk Kyunn Thu Ma Ma
Mining & Refinery Co., Ltd","Myauk Kyunn Thu Ma Ma Mining & Refinery Co., Ltd",Small scale,Small,2009-12-01,2009-12-01,2016-11-30,2016-11-30,Gold,Gold,20,20,Kyi Taut Pauk,Kyi Taut Pauk,SGU-5B
0227/2015,"Myauk Kyunn Thu Ma Ma
Mining & Refinery Co., Ltd","Myauk Kyunn Thu Ma Ma Mining & Refinery Co., Ltd",Small scale,Small,2015-12-10,2015-12-10,2016-12-09,2016-12-09,Gold,Gold,20,20,Kan Taung,Kan Taung,SGU-9A
0228/2015,"Myauk Kyunn Thu Ma Ma
Mining & Refinery Co., Ltd","Myauk Kyunn Thu Ma Ma Mining & Refinery Co., Ltd",Small scale,Small,2015-12-10,2015-12-10,2016-12-09,2016-12-09,Gold,Gold,20,20,Kan Taung,Kan Taung,SGU-9B
0229/2015,"Myauk Kyunn Thu Ma Ma
Mining & Refinery Co., Ltd","Myauk Kyunn Thu Ma Ma Mining & Refinery Co., Ltd",Small scale,Small,2015-12-10,2015-12-10,2016-12-09,2016-12-09,Gold,Gold,20,20,Kan Taung,Kan Taung,SGU-10A
0230/2015,"Myauk Kyunn Thu Ma Ma
Mining & Refinery Co., Ltd","Myauk Kyunn Thu Ma Ma Mining & Refinery Co., Ltd",Small scale,Small,2015-12-10,2015-12-10,2016-12-09,2016-12-09,Gold,Gold,20,20,Kan Taung,Kan Taung,SGU-10B
0231/2015,"Myauk Kyunn Thu Ma Ma
Mining & Refinery Co., Ltd","Myauk Kyunn Thu Ma Ma Mining & Refinery Co., Ltd",Small scale,Small,2015-12-10,2015-12-10,2016-12-09,2016-12-09,Gold,Gold,20,20,Kan Taung,Kan Taung,SGU-11A
0232/2015,"Myauk Kyunn Thu Ma Ma
Mining & Refinery Co., Ltd","Myauk Kyunn Thu Ma Ma Mining & Refinery Co., Ltd",Small scale,Small,2015-12-10,2015-12-10,2016-12-09,2016-12-09,Gold,Gold,20,20,Kan Taung,Kan Taung,SGU-11B
0233/2015,"Myauk Kyunn Thu Ma Ma
Mining & Refinery Co., Ltd","Myauk Kyunn Thu Ma Ma Mining & Refinery Co., Ltd",Small scale,Small,2015-12-10,2015-12-10,2016-12-09,2016-12-09,Gold,Gold,20,20,Kan Taung,Kan Taung,CT-33A
0234/2015,"Myauk Kyunn Thu Ma Ma
Mining & Refinery Co., Ltd","Myauk Kyunn Thu Ma Ma Mining & Refinery Co., Ltd",Small scale,Small,2015-12-10,2015-12-10,2016-12-09,2016-12-09,Gold,Gold,20,20,Kan Taung,Kan Taung,CT-33B
0087/2012,"Htoon Shwe Sin 
Mining Co., Ltd.","Htoon Shwe Sin Mining Co., Ltd.",Small scale,Small,2012-04-27,2012-04-27,2016-04-26,2016-04-26,Gold,Gold,20,20,Par Paw,Par Paw,SGU-74A
0088/2015,"Htoon Shwe Sin 
Mining Co., Ltd.","Htoon Shwe Sin Mining Co., Ltd.",Small scale,Small,2012-04-27,2012-04-27,2016-04-26,2016-04-26,Gold,Gold,20,20,Par Paw,Par Paw,SGU-77A
0089/2012,"Htoon Shwe Sin 
Mining Co., Ltd.","Htoon Shwe Sin Mining Co., Ltd.",Small scale,Small,2012-04-27,2012-04-27,2016-04-26,2016-04-26,Gold,Gold,20,20,Par Paw,Par Paw,SGU-92A
0134/2012,"Htoon Shwe Sin 
Mining Co., Ltd.","Htoon Shwe Sin Mining Co., Ltd.",Small scale,Small,2012-08-20,2012-08-20,2016-08-19,2016-08-19,Gold,Gold,20,20,Nat Taung,Nat Taung,SGU-140A
0135/2012,"Htoon Shwe Sin 
Mining Co., Ltd.","Htoon Shwe Sin Mining Co., Ltd.",Small scale,Small,2012-08-20,2012-08-20,2016-08-19,2016-08-19,Gold,Gold,20,20,Nat Taung,Nat Taung,SGU-141A
0075/2012,"Htoon Shwe Sin 
Mining Co., Ltd.","Htoon Shwe Sin Mining Co., Ltd.",Small scale,Small,2012-02-15,2012-02-15,2017-02-14,2017-02-14,Gold,Gold,20,20,Nat Taung,Nat Taung,SGU-138A
0075/2014,"Htoon Shwe Sin 
Mining Co., Ltd.","Htoon Shwe Sin Mining Co., Ltd.",Small scale,Small,2015-03-18,2015-03-18,2017-03-17,2017-03-17,Gold,Gold,20,20,Nat Taung,Nat Taung,SGU-253
0076/2015,"Htoon Shwe Sin 
Mining Co., Ltd.","Htoon Shwe Sin Mining Co., Ltd.",Small scale,Small,2015-03-18,2015-03-18,2017-03-17,2017-03-17,Gold,Gold,20,20,Nat Taung,Nat Taung,SGU-254
0251/2014,"Htoon Shwe Sin 
Mining Co., Ltd.","Htoon Shwe Sin Mining Co., Ltd.",Small scale,Small,2014-09-24,2014-09-24,2016-09-23,2016-09-23,Gold,Gold,17,17,Nat Taung,Nat Taung,SGU-51A
0252/2014,"Htoon Shwe Sin 
Mining Co., Ltd.","Htoon Shwe Sin Mining Co., Ltd.",Small scale,Small,2014-09-24,2014-09-24,2016-09-23,2016-09-23,Gold,Gold,17.3,17.3,Nat Taung,Nat Taung,SGU-51B
0295/2009,"Htat Yee Linn Mining &
 Refinery Co., Ltd","Htat Yee Linn Mining & Refinery Co., Ltd",Small scale,Small,2009-12-01,2009-12-01,2016-11-30,2016-11-30,Gold,Gold,20,20,Kyi Taut Pauk,Kyi Taut Pauk,SGU-1A
0296/2009,"Htat Yee Linn Mining &
 Refinery Co., Ltd","Htat Yee Linn Mining & Refinery Co., Ltd",Small scale,Small,2009-12-01,2009-12-01,2016-11-30,2016-11-30,Gold,Gold,20,20,Kyi Taut Pauk,Kyi Taut Pauk,SGU-1B
0297/2009,"Htat Yee Linn Mining &
 Refinery Co., Ltd","Htat Yee Linn Mining & Refinery Co., Ltd",Small scale,Small,2009-12-01,2009-12-01,2016-11-30,2016-11-30,Gold,Gold,20,20,Kyi Taut Pauk,Kyi Taut Pauk,SGU-1C
0298/2009,"Htat Yee Linn Mining &
 Refinery Co., Ltd","Htat Yee Linn Mining & Refinery Co., Ltd",Small scale,Small,2009-12-01,2009-12-01,2016-11-30,2016-11-30,Gold,Gold,20,20,Kyi Taut Pauk,Kyi Taut Pauk,SGU-6A
0299/2009,"Htat Yee Linn Mining &
 Refinery Co., Ltd","Htat Yee Linn Mining & Refinery Co., Ltd",Small scale,Small,2009-12-01,2009-12-01,2016-11-30,2016-11-30,Gold,Gold,20,20,Nat Taung,Nat Taung,SGU-3A
0300/2009,"Htat Yee Linn Mining &
 Refinery Co., Ltd","Htat Yee Linn Mining & Refinery Co., Ltd",Small scale,Small,2009-12-01,2009-12-01,2016-11-30,2016-11-30,Gold,Gold,20,20,Nat Taung,Nat Taung,SGU-3B
0077/2011,"Htat Yee Linn Mining &
 Refinery Co., Ltd","Htat Yee Linn Mining & Refinery Co., Ltd",Small scale,Small,2011-01-18,2011-01-18,2017-01-17,2017-01-17,Gold,Gold,20,20,Kyi Taut Pauk,Kyi Taut Pauk,SGU-1D
0303/2009,"Aung Htun Linn Shein Win
Mining & Refinery Co., Ltd","Aung Htun Linn Shein Win Mining & Refinery Co., Ltd",Small scale,Small,2009-12-01,2009-12-01,2016-11-30,2016-11-30,Gold,Gold,20,20,Kan Taung,Kan Taung,SGU-4A
0304/2009,"Aung Htun Linn Shein Win
Mining & Refinery Co., Ltd","Aung Htun Linn Shein Win Mining & Refinery Co., Ltd",Small scale,Small,2009-12-01,2009-12-01,2016-11-30,2016-11-30,Gold,Gold,20,20,Kan Taung,Kan Taung,SGU-4B
0279/2011,"Aung Htun Linn Shein Win
Mining & Refinery Co., Ltd","Aung Htun Linn Shein Win Mining & Refinery Co., Ltd",Small scale,Small,2011-03-24,2011-03-24,2017-03-23,2017-03-23,Gold,Gold,20,20,Shout Pin Yoe,Shout Pin Yoe,SGU-205
0281/2011,"Aung Htun Linn Shein Win
Mining & Refinery Co., Ltd","Aung Htun Linn Shein Win Mining & Refinery Co., Ltd",Small scale,Small,2011-03-24,2011-03-24,2017-03-23,2017-03-23,Gold,Gold,20,20,Shout Pin Yoe,Shout Pin Yoe,SGU-207
0282/2011,"Aung Htun Linn Shein Win
Mining & Refinery Co., Ltd","Aung Htun Linn Shein Win Mining & Refinery Co., Ltd",Small scale,Small,2011-03-24,2011-03-24,2017-03-23,2017-03-23,Gold,Gold,20,20,Shout Pin Yoe,Shout Pin Yoe,SGU-208
0097/2009,"For Luck International 
Co., Ltd.","For Luck International Co., Ltd.",Small scale,Small,2009-07-14,2009-07-14,2016-07-13,2016-07-13,Gold,Gold,20,20,Shout Pin Yoe,Shout Pin Yoe,SGU-127
0156/2009,"Shwe Taung Nyunt 
Co., Ltd.","Shwe Taung Nyunt Co., Ltd.",Small scale,Small,2009-09-04,2009-09-04,2016-09-03,2016-09-03,Gold,Gold,20,20,Shout Pin Yoe,Shout Pin Yoe,SGU-134
0221/2015,"Shwe Taung Nyunt 
Co., Ltd.","Shwe Taung Nyunt Co., Ltd.",Small scale,Small,2015-12-02,2015-12-02,2016-12-01,2016-12-01,Gold,Gold,20,20,Lat Pan Hla,Lat Pan Hla,SGU-256
0202/2012,"Shwe Taung Nyunt 
Co., Ltd.","Shwe Taung Nyunt Co., Ltd.",Small scale,Small,2012-10-22,2012-10-22,2016-10-21,2016-10-21,Gold,Gold,20,20,Nat Taung,Nat Taung,SGU-104A
0209/2014,"Shwe Taung Nyunt 
Co., Ltd.","Shwe Taung Nyunt Co., Ltd.",Small scale,Small,2014-07-17,2014-07-17,2016-07-16,2016-07-16,Gold,Gold,19,19,Nat Taung,Nat Taung,SGU-244
0619/2010,"Aung La Pyae Co., Ltd","Aung La Pyae Co., Ltd",Small scale,Small,2010-09-29,2010-09-29,2016-09-28,2016-09-28,Gold,Gold,20,20,Wa Bo Chat,Wa Bo Chat,SGU-157
0621/2010,"Aung La Pyae Co., Ltd","Aung La Pyae Co., Ltd",Small scale,Small,2010-09-29,2010-09-29,2016-09-28,2016-09-28,Gold,Gold,20,20,Wa Bo Chat,Wa Bo Chat,SGU-159
0210/2014,"Aung La Pyae Co., Ltd","Aung La Pyae Co., Ltd",Small scale,Small,2014-07-17,2014-07-17,2016-07-16,2016-07-16,Gold,Gold,20,20,Nat Taung,Nat Taung,SGU-243
0222/2015,"Aung La Pyae Co., Ltd","Aung La Pyae Co., Ltd",Small scale,Small,2015-12-02,2015-12-02,2016-12-01,2016-12-01,Gold,Gold,20,20,Nat Taung,Nat Taung,SGU-257
0617/2010,"Aung La Pyae Co., Ltd","Aung La Pyae Co., Ltd",Small scale,Small,2010-09-29,2010-09-29,2016-09-28,2016-09-28,Gold,Gold,20,20,Nat Taung,Nat Taung,SGU-155
0618/2010,"Aung La Pyae Co., Ltd","Aung La Pyae Co., Ltd",Small scale,Small,2010-09-29,2010-09-29,2016-09-28,2016-09-28,Gold,Gold,20,20,Nat Taung,Nat Taung,SGU-156
0248/2015,"Pyi Sone Aung 
Mining Co., Ltd.","Pyi Sone Aung Mining Co., Ltd.",Small scale,Small,2015-12-23,2015-12-23,2016-12-22,2016-12-22,Gold,Gold,20,20,Nat Taung,Nat Taung,SGU-137A
0249/2015,"Pyi Sone Aung 
Mining Co., Ltd.","Pyi Sone Aung Mining Co., Ltd.",Small scale,Small,2015-12-23,2015-12-23,2016-12-22,2016-12-22,Gold,Gold,20,20,Nat Taung,Nat Taung,SGU-143A
0252/2015,"Pyi Sone Aung 
Mining Co., Ltd.","Pyi Sone Aung Mining Co., Ltd.",Small scale,Small,2015-12-23,2015-12-23,2016-12-22,2016-12-22,Gold,Gold,20,20,Nat Taung,Nat Taung,SGU-158A
0011/2015,"Pyi Sone Aung 
Mining Co., Ltd.","Pyi Sone Aung Mining Co., Ltd.",Small scale,Small,2015-02-03,2015-02-03,2017-02-02,2017-02-02,Gold,Gold,20,20,Nat Taung,Nat Taung,SGU-125A
0247/2015,"Pyi Sone Aung 
Mining Co., Ltd.","Pyi Sone Aung Mining Co., Ltd.",Small scale,Small,2015-12-23,2015-12-23,2016-12-22,2016-12-22,Gold,Gold,20,20,Nat Taung,Nat Taung,SGU-81A
0098/2009,"Yadanar Shwe Yee Win 
Mining Co., Ltd.","Yadanar Shwe Yee Win Mining Co., Ltd.",Small scale,Small,2009-07-14,2009-07-14,2015-07-13,2015-07-13,Gold,Gold,20,20,Shout Pin Yoe,Shout Pin Yoe,SGU-128
0099/2009,"Yadanar Shwe Yee Win 
Mining Co., Ltd.","Yadanar Shwe Yee Win Mining Co., Ltd.",Small scale,Small,2009-07-14,2009-07-14,2016-07-13,2016-07-13,Gold,Gold,20,20,Shout Pin Yoe,Shout Pin Yoe,SGU-129
0070/2011,"Theiddi Aung Shwe 
Moe Mining Co., Ltd","Theiddi Aung Shwe Moe Mining Co., Ltd",Small scale,Small,2011-01-18,2011-01-18,2017-01-17,2017-01-17,Gold,Gold,20,20,Khu Lae,Khu Lae,SGU-180
0074/2011,"Theiddi Aung Shwe 
Moe Mining Co., Ltd","Theiddi Aung Shwe Moe Mining Co., Ltd",Small scale,Small,2011-01-18,2011-01-18,2017-01-17,2017-01-17,Gold,Gold,20,20,Khu Lae,Khu Lae,SGU-184
0160/2011,"Myanmar Golden Point 
Family Co., Ltd.","Myanmar Golden Point Family Co., Ltd.",Small scale,Small,2011-02-07,2011-02-07,2017-02-06,2017-02-06,Gold,Gold,20,20,Thanpayar Cheuk,Thanpayar Cheuk,SGU-186
0634/2010,"Aung Ko Thu Mining 
Co., Ltd.","Aung Ko Thu Mining Co., Ltd.",Small scale,Small,2010-09-29,2010-09-29,2016-09-28,2016-09-28,Gold,Gold,20,20,Shout Pin Yoe,Shout Pin Yoe,SGU-162
0840/2010,"Tun Thiri Yadanar 
Mining Co., Ltd.","Tun Thiri Yadanar Mining Co., Ltd.",Small scale,Small,2010-12-24,2010-12-24,2016-12-23,2016-12-23,Gold,Gold,20,20,Shout Pin Yoe,Shout Pin Yoe,SGU-166
0841/2010,"Tun Thiri Yadanar 
Mining Co., Ltd.","Tun Thiri Yadanar Mining Co., Ltd.",Small scale,Small,2010-12-24,2010-12-24,2016-12-23,2016-12-23,Gold,Gold,20,20,Shout Pin Yoe,Shout Pin Yoe,SGU-167
0211/2014,"Tun Thiri Yadanar 
Mining Co., Ltd.","Tun Thiri Yadanar Mining Co., Ltd.",Small scale,Small,2014-07-24,2014-07-24,2016-07-23,2016-07-23,Gold,Gold,20,20,Nat Taung,Nat Taung,SGU-240
0212/2014,"Tun Thiri Yadanar 
Mining Co., Ltd.","Tun Thiri Yadanar Mining Co., Ltd.",Small scale,Small,2014-07-24,2014-07-24,2016-07-23,2016-07-23,Gold,Gold,20,20,Nat Taung,Nat Taung,SGU-241
0213/2014,"Tun Thiri Yadanar 
Mining Co., Ltd.","Tun Thiri Yadanar Mining Co., Ltd.",Small scale,Small,2014-07-24,2014-07-24,2016-07-23,2016-07-23,Gold,Gold,20,20,Nat Taung,Nat Taung,SGU-242
0842/2010,"Yadanar Pyi Phyo Aung 
Mining Co., Ltd.","Yadanar Pyi Phyo Aung Mining Co., Ltd.",Small scale,Small,2010-12-24,2010-12-24,2016-12-23,2016-12-23,Gold,Gold,20,20,Shout Pin Yoe,Shout Pin Yoe,SGU-168
0879/2010,"Yadanar Zayar Mining & 
Manufacturing Co., Ltd.","Yadanar Zayar Mining & Manufacturing Co., Ltd.",Small scale,Small,2010-12-24,2010-12-24,2016-12-23,2016-12-23,Gold,Gold,20,20,Shout Pin Yoe,Shout Pin Yoe,SGU-169
0278/2011,"Shwe Thant Oo Co., Ltd.","Shwe Thant Oo Co., Ltd.",Small scale,Small,2011-03-24,2011-03-24,2017-03-23,2017-03-23,Gold,Gold,20,20,Shout Pin Yoe,Shout Pin Yoe,SGU-204
0196/2010,"Pyi Thar Naing Co., Ltd.","Pyi Thar Naing Co., Ltd.",Small scale,Small,2010-02-25,2010-02-25,2017-02-24,2017-02-24,Gold,Gold,20,20,Shout Pin Yoe,Shout Pin Yoe,SGU-189
0197/2010,"Pyi Thar Naing Co., Ltd.","Pyi Thar Naing Co., Ltd.",Small scale,Small,2010-02-25,2010-02-25,2017-02-24,2017-02-24,Gold,Gold,20,20,Shout Pin Yoe,Shout Pin Yoe,SGU-190
0230/2011,"Eternal Mining Co., Ltd","Eternal Mining Co., Ltd",Small scale,Small,2010-02-25,2010-02-25,2017-02-24,2017-02-24,Gold,Gold,20,20,Own Zone,Own Zone,SGU-191
0044/2012,"Ever Good Luck Gold & 
Mining Co., Ltd","Ever Good Luck Gold & Mining Co., Ltd",Small scale,Small,2012-02-10,2012-02-10,2017-02-09,2017-02-09,Gold,Gold,20,20,Khu Lae,Khu Lae,SGU-192
0096/2012,"Yadanar Shwe Poun 
Mining  Co., Ltd.","Yadanar Shwe Poun Mining Co., Ltd.",Small scale,Small,2012-02-15,2012-02-15,2017-02-14,2017-02-14,Gold,Gold,20,20,Nat Taung,Nat Taung,SGU-82A
0074/2012,"Yadanar Shwe Poun 
Mining  Co., Ltd.","Yadanar Shwe Poun Mining Co., Ltd.",Small scale,Small,2012-02-15,2012-02-15,2017-02-14,2017-02-14,Gold,Gold,20,20,Nat Taung,Nat Taung,SGU-87A
0277/2011,"Naing Myint Mo Co., Ltd","Naing Myint Mo Co., Ltd",Small scale,Small,2011-03-24,2011-03-24,2017-03-23,2017-03-23,Gold,Gold,20,20,Shout Pin Yoe,Shout Pin Yoe,SGU-203
0090/2012,"Shwe La Win Co., Ltd.","Shwe La Win Co., Ltd.",Small scale,Small,2012-04-27,2012-04-27,2016-04-26,2016-04-26,Gold,Gold,20,20,Wa Bo Chat,Wa Bo Chat,SGU-160A
0091/2012,"Shwe La Win Co., Ltd.","Shwe La Win Co., Ltd.",Small scale,Small,2012-04-27,2012-04-27,2016-04-26,2016-04-26,Gold,Gold,20,20,Wa Bo Chat,Wa Bo Chat,SGU-161A
0093/2012,"Tha Pyay Aung (Mogoke) 
Co., Ltd.","Tha Pyay Aung (Mogoke) Co., Ltd.",Small scale,Small,2012-04-27,2012-04-27,2016-04-26,2016-04-26,Gold,Gold,20,20,Shout Pin Yoe,Shout Pin Yoe,SGU-133A
0082/2013,"Mandalar Myint Family 
Industrial Co., Ltd","Mandalar Myint Family Industrial Co., Ltd",Small scale,Small,2013-04-22,2013-04-22,2016-04-21,2016-04-21,Gold,Gold,20,20,Nga Pyin Inn,Nga Pyin Inn,SGU-228
0107/2013,"Mandalar Myint Family 
Industrial Co., Ltd","Mandalar Myint Family Industrial Co., Ltd",Small scale,Small,2013-06-11,2013-06-11,2016-06-10,2016-06-10,Gold,Gold,20,20,Nga Pyin Inn,Nga Pyin Inn,SGU-227
0091/2013,"May Po Mining Co., Ltd","May Po Mining Co., Ltd",Small scale,Small,2013-05-09,2013-05-09,2016-05-08,2016-05-08,Gold,Gold,18,18,Nat Taung,Nat Taung,SGU-229
0817/2014,"Aung Shwe Htun Co., Ltd. ","Aung Shwe Htun Co., Ltd.",Small scale,Small,2014-06-06,2014-06-06,2016-06-05,2016-06-05,Gold,Gold,12.5,12.5,Shout Pin Yoe,Shout Pin Yoe,SGU-239
0221/2014,"Han Lin Star Co., Ltd.","Han Lin Star Co., Ltd.",Small scale,Small,2014-08-19,2014-08-19,2016-08-18,2016-08-18,Gold,Gold,2,2,Shout Pin Yoe,Shout Pin Yoe,SGU-245
0295/2014,"Yadanar Kywe Wa Chan 
Thar Mining Co., Ltd.","Yadanar Kywe Wa Chan Thar Mining Co., Ltd.",Small scale,Small,2014-12-17,2014-12-17,2016-12-16,2016-12-16,Gold,Gold,20,20,Shout Pin Yoe,Shout Pin Yoe,SGU-248
0070/2015,"Shwe Taung Nyunt Co., Ltd.","Shwe Taung Nyunt Co., Ltd.",Small scale,Small,2015-03-12,2015-03-12,2017-03-11,2017-03-11,Gold,Gold,20,20,Nat Taung,Nat Taung,SGU-249
0117/2015,"Ngwe Myanmar Aung 
Co., Ltd.","Ngwe Myanmar Aung Co., Ltd.",Small scale,Small,2015-05-27,2015-05-27,2016-05-26,2016-05-26,Gold,Gold,15.15,15.15,Shout Pin Yoe,Shout Pin Yoe,SGU-164A
0135/2015,"Yaung Chi Nagar 
Gems Co.,Ltd","Yaung Chi Nagar Gems Co.,Ltd",Small scale,Small,2015-07-01,2015-07-01,2016-06-30,2016-06-30,Gold,Gold,20,20,Kan Taung,Kan Taung,SGU-255
0171/2015,"Ephram Mining Co.,Ltd","Ephram Mining Co.,Ltd",Small scale,Small,2015-08-19,2015-08-19,2016-08-18,2016-08-18,Gold,Gold,20,20,Nga Pyin Inn,Nga Pyin Inn,SGU-250
0185/2015,"Pyae Mining Co.,Ltd","Pyae Mining Co.,Ltd",Small scale,Small,2015-09-23,2015-09-23,2016-09-22,2016-09-22,Gold,Gold,13.5,13.5,Shout Pin Yoe,Shout Pin Yoe,SGU-163A
0253/2015,"Shwe Moe Ywa Pyi 
Co.,Ltd","Shwe Moe Ywa Pyi Co.,Ltd",Small scale,Small,2015-09-29,2015-09-29,2016-12-28,2016-12-28,Gold,Gold,20,20,Shout Pin Yoe,Shout Pin Yoe,SGU-173A
0004/2016,"Shwe Singu Region 
Development Pubulic 
Co.,Ltd","Shwe Singu Region Development Pubulic Co.,Ltd",Small scale,Small,2016-01-06,2016-01-06,2017-01-05,2017-01-05,Gold,Gold,14.8,14.8,Shout Pin Yoe,Shout Pin Yoe,SGU-258
0048/2016,"Wana & Sons Mining 
Co.,Ltd","Wana & Sons Mining Co.,Ltd",Small scale,Small,2016-03-16,2016-03-16,2017-03-15,2017-03-15,Gold,Gold,12,12,Shout Pin Yoe,Shout Pin Yoe,SGU-260
0018/2016,"Myanmar Yadanar 
Aung Zabu Mining Co.,Ltd","Myanmar Yadanar Aung Zabu Mining Co.,Ltd",Small scale,Small,2016-03-01,2016-03-01,2017-02-28,2017-02-28,Gold,Gold,20,20,Nga Pyin Inn,Nga Pyin Inn,SGU-218
0047/2016,"Sai Aung Shan Mining 
Corporate Co.,Ltd","Sai Aung Shan Mining Corporate Co.,Ltd",Small scale,Small,2016-03-16,2016-03-16,2017-03-15,2017-03-15,Gold,Gold,20,20,Shout Pin Yoe,Shout Pin Yoe,SGU-259
0085/2015,"Nilar Lin Let Co., Ltd","Nilar Lin Let Co., Ltd",Small scale,Small,2015-03-25,2015-03-25,2017-03-24,2017-03-24,Gold,Gold,20,20,Yae Gyi,Yae Gyi,MTY-1
0209/2012,"Kathe Kwin Mining 
Co., Ltd","Kathe Kwin Mining Co., Ltd",Small scale,Small,2012-07-12,2012-07-12,2016-07-11,2016-07-11,Gold,Gold,20,20,Sinn Twin Kyaung Gone,Sinn Twin Kyaung Gone,YMT-59
0073/2009,"Sann Shwe Pyi Gold & 
Mining Co., Ltd","Sann Shwe Pyi Gold & Mining Co., Ltd",Small scale,Small,2009-05-27,2009-05-27,2016-05-26,2016-05-26,Gold,Gold,20,20,Sinn Twin Kyaung Gone,Sinn Twin Kyaung Gone,YMT-203
0074/2009,"Sann Shwe Pyi Gold & 
Mining Co., Ltd","Sann Shwe Pyi Gold & Mining Co., Ltd",Small scale,Small,2009-05-27,2009-05-27,2016-05-26,2016-05-26,Gold,Gold,20,20,Sinn Twin Kyaung Gone,Sinn Twin Kyaung Gone,YMT-204
0037/2011,"Yadanar Kadae Thaik 
Co., Ltd","Yadanar Kadae Thaik Co., Ltd",Small scale,Small,2011-01-18,2011-01-18,2017-01-17,2017-01-17,Gold,Gold,20,20,Waphu taung,Waphu taung,ST-2
0154/2012,"Shwe Shwe Lee 
Mining Co.,Ltd","Shwe Shwe Lee Mining Co.,Ltd",Small scale,Small,2012-09-05,2012-09-05,2016-09-04,2016-09-04,Gold,Gold,20,20,Waphu taung,Waphu taung,YMT-242A
0155/2012,"Shwe Shwe Lee 
Mining Co.,Ltd","Shwe Shwe Lee Mining Co.,Ltd",Small scale,Small,2012-09-05,2012-09-05,2016-09-04,2016-09-04,Gold,Gold,20,20,Waphu taung,Waphu taung,YMT-242B
0087/2014,"Pyi Htaung Su Thar 
Co., Ltd","Pyi Htaung Su Thar Co., Ltd",Small scale,Small,2014-03-04,2014-03-04,2017-03-03,2017-03-03,Gold,Gold,20,20,Waphu taung,Waphu taung,YMT-255
0088/2014,"Pyi Htaung Su Thar 
Co., Ltd","Pyi Htaung Su Thar Co., Ltd",Small scale,Small,2014-03-04,2014-03-04,2017-03-03,2017-03-03,Gold,Gold,20,20,Waphu taung,Waphu taung,YMT-256
0089/2014,"Pyi Htaung Su Thar 
Co., Ltd","Pyi Htaung Su Thar Co., Ltd",Small scale,Small,2014-03-04,2014-03-04,2017-03-03,2017-03-03,Gold,Gold,20,20,Waphu taung,Waphu taung,YMT-257
0108/2014,"Moehti Moemi Collective
Small Scale Gold Production
Entrepreneurs Co., Ltd","Moehti Moemi Collective Small Scale Gold Production Entrepreneurs Co., Ltd",Small scale,Small,2014-03-26,2014-03-26,2016-03-25,2016-03-25,Gold,Gold,20,20,Waphu taung,Waphu taung,YMT-258
0109/2014,"Moehti Moemi Collective
Small Scale Gold Production
Entrepreneurs Co., Ltd","Moehti Moemi Collective Small Scale Gold Production Entrepreneurs Co., Ltd",Small scale,Small,2014-03-26,2014-03-26,2016-03-25,2016-03-25,Gold,Gold,20,20,Waphu taung,Waphu taung,YMT-259
0110/2014,"Moehti Moemi Collective
Small Scale Gold Production
Entrepreneurs Co., Ltd","Moehti Moemi Collective Small Scale Gold Production Entrepreneurs Co., Ltd",Small scale,Small,2014-03-26,2014-03-26,2016-03-25,2016-03-25,Gold,Gold,20,20,Waphu taung,Waphu taung,YMT-260
0111/2014,"Moehti Moemi Collective
Small Scale Gold Production
Entrepreneurs Co., Ltd","Moehti Moemi Collective Small Scale Gold Production Entrepreneurs Co., Ltd",Small scale,Small,2014-03-26,2014-03-26,2016-03-25,2016-03-25,Gold,Gold,20,20,Waphu taung,Waphu taung,YMT-261
0112/2014,"Moehti Moemi Collective
Small Scale Gold Production
Entrepreneurs Co., Ltd","Moehti Moemi Collective Small Scale Gold Production Entrepreneurs Co., Ltd",Small scale,Small,2014-03-26,2014-03-26,2016-03-25,2016-03-25,Gold,Gold,20,20,Waphu taung,Waphu taung,YMT-262
0164/2014,"Ruby Dragon Mining 
Co., Ltd","Ruby Dragon Mining Co., Ltd",Small scale,Small,2014-05-28,2014-05-28,2016-05-27,2016-05-27,Gold,Gold,20,20,Waphu taung,Waphu taung,YMT-264
0165/2014,"Ruby Dragon Mining 
Co., Ltd","Ruby Dragon Mining Co., Ltd",Small scale,Small,2014-05-28,2014-05-28,2016-05-27,2016-05-27,Gold,Gold,20,20,Waphu taung,Waphu taung,YMT-265
0168/2014,"Ruby Dragon Mining 
Co., Ltd","Ruby Dragon Mining Co., Ltd",Small scale,Small,2014-05-28,2014-05-28,2016-05-27,2016-05-27,Gold,Gold,20,20,Waphu taung,Waphu taung,YMT-268
0169/2014,"Ruby Dragon Mining 
Co., Ltd","Ruby Dragon Mining Co., Ltd",Small scale,Small,2014-05-28,2014-05-28,2016-05-27,2016-05-27,Gold,Gold,20,20,Waphu taung,Waphu taung,YMT-269
0253/2014,"Myauk Kyunn Thu 
Ma Ma Mining & Refinery Co., Ltd","Myauk Kyunn Thu Ma Ma Mining & Refinery Co., Ltd",Small scale,Small,2014-09-24,2014-09-24,2016-09-23,2016-09-23,Gold,Gold,20,20,Waphu taung,Waphu taung,YMT-271
0254/2014,"Myauk Kyunn Thu 
Ma Ma Mining & Refinery Co., Ltd","Myauk Kyunn Thu Ma Ma Mining & Refinery Co., Ltd",Small scale,Small,2014-09-24,2014-09-24,2016-09-23,2016-09-23,Gold,Gold,16,16,Waphu taung,Waphu taung,YMT-272
0023/2015,"Myanmar Shwe Pyi Hein 
Co., Ltd.","Myanmar Shwe Pyi Hein Co., Ltd.",Small scale,Small,2015-01-21,2015-01-21,2017-01-20,2017-01-20,Gold,Gold,20,20,Hlae Lann Kuu,Hlae Lann Kuu,KTM-48
0103/2013,"Tun Hein Hylan Co., Ltd.","Tun Hein Hylan Co., Ltd.",Small scale,Small,2013-03-12,2013-03-12,2017-03-11,2017-03-11,Gold,Gold,20,20,Inga Bo,Inga Bo,KTM-43
0151/2015,"Ruby Dragon 
Mining Co.,Ltd.","Ruby Dragon Mining Co.,Ltd.",Small scale,Small,2015-07-22,2015-07-22,2016-07-21,2016-07-21,Gold,Gold,20,20,Inga Bo,Inga Bo,KTM-44
0152/2015,"Ruby Dragon 
Mining Co.,Ltd.","Ruby Dragon Mining Co.,Ltd.",Small scale,Small,2015-07-22,2015-07-22,2016-07-21,2016-07-21,Gold,Gold,20,20,Inga Bo,Inga Bo,KTM-46
0180/2015,"Duwon Nagar 
Mining Co., Ltd.","Duwon Nagar Mining Co., Ltd.",Small scale,Small,2015-09-16,2015-09-16,2016-09-15,2016-09-15,Gold,Gold,10,10,A Bine,A Bine,KTM-50
0199/2015,"Inspire the Future 
Co., Ltd.","Inspire the Future Co., Ltd.",Small scale,Small,2015-10-20,2015-10-20,2016-10-19,2016-10-19,Gold,Gold,9.16,9.16,A Bine,A Bine,KTM-51
0246/2015,"Ka Nyaw htoo 
Mining Co.,Ltd","Ka Nyaw htoo Mining Co.,Ltd",Small scale,Small,2015-12-23,2015-12-23,2016-12-22,2016-12-22,Gold,Gold,20,20,Mei Pa Le,Mei Pa Le,MBL-20
0230/2010,"Myanmar Ruby Interprise 
Gems & Jewellery Co., Ltd.","Myanmar Ruby Interprise Gems & Jewellery Co., Ltd.",Small scale,Small,2010-04-09,2010-04-09,2016-04-08,2016-04-08,Gold,Gold,20,20,Rann Bo,Rann Bo,SNMB-1
0231/2010,"Myanmar Ruby Interprise 
Gems & Jewellery Co., Ltd.","Myanmar Ruby Interprise Gems & Jewellery Co., Ltd.",Small scale,Small,2010-04-09,2010-04-09,2016-04-08,2016-04-08,Gold,Gold,20,20,Rann Bo,Rann Bo,SNMB-2
0021/2016,"Htean Shwe Mining 
Co., Ltd.","Htean Shwe Mining Co., Ltd.",Small scale,Small,2016-03-01,2016-03-01,2017-02-28,2017-02-28,Gold,Gold,20,20,Ba Hel,Ba Hel,SNMB-85
0022/2016,"Htean Shwe Mining 
Co., Ltd.","Htean Shwe Mining Co., Ltd.",Small scale,Small,2016-03-01,2016-03-01,2017-02-28,2017-02-28,Gold,Gold,20,20,Ba Hel,Ba Hel,SNMB-86
0329/2009,"Red Moundain Production Co.,Ltd","Red Moundain Production Co.,Ltd",Small scale,Small,2009-12-29,2009-12-29,2016-12-28,2016-12-28,Gold,Gold,20,20,Mway Pyain,Mway Pyain,SSNTY-21
0330/2009,"Red Moundain Production Co.,Ltd","Red Moundain Production Co.,Ltd",Small scale,Small,2009-12-29,2009-12-29,2016-12-28,2016-12-28,Gold,Gold,20,20,Mway Pyain,Mway Pyain,SSNTY-22
0173/2013,"Ngwe Taung Min  
Co., Ltd","Ngwe Taung Min Co., Ltd",Small scale,Small,2013-08-30,2013-08-30,2016-08-29,2016-08-29,Gold,Gold,20,20,Nar Yaung,Nar Yaung,SETCL-13
0048/2014,"Ngwe Taung Min  
Co., Ltd","Ngwe Taung Min Co., Ltd",Small scale,Small,2014-01-28,2014-01-28,2017-01-27,2017-01-27,Gold,Gold,20,20,Mine Koe,Mine Koe,SETCL-24
0085/2013,"Phyaungt Phyu Pyaw Shwin Co., Ltd","Phyaungt Phyu Pyaw Shwin Co., Ltd",Small scale,Small,2013-03-07,2013-03-07,2017-03-06,2017-03-06,Gold,Gold,20,20,Mine Koe,Mine Koe,SETCL-14
0100/2015,"Phyaungt Phyu Pyaw Shwin Co., Ltd","Phyaungt Phyu Pyaw Shwin Co., Ltd",Small scale,Small,2015-04-29,2015-04-29,2016-04-28,2016-04-28,Gold,Gold,20,20,Nar Yaung,Nar Yaung,SETCL-45
0156/2015,"Shwe Nadi Myat 
Mining Co.,Ltd","Shwe Nadi Myat Mining Co.,Ltd",Small scale,Small,2015-07-29,2015-07-29,2016-07-28,2016-07-28,Gold,Gold,20,20,Mine Koe,Mine Koe,SETCL-54
0108/2012,"Lin Hlyan Htet 
Mining Co., Ltd","Lin Hlyan Htet Mining Co., Ltd",Small scale,Small,2012-05-22,2012-05-22,2016-05-21,2016-05-21,Gold,Gold,20,20,Nar Yaung,Nar Yaung,SETCL-12
0117/2013,"Aung Woon Nay Co.,Ltd","Aung Woon Nay Co.,Ltd",Small scale,Small,2013-06-19,2013-06-19,2016-06-18,2016-06-18,Gold,Gold,20,20,Nar Yaung,Nar Yaung,SETCL-20
0118/2013,"Aung Woon Nay Co.,Ltd","Aung Woon Nay Co.,Ltd",Small scale,Small,2013-06-19,2013-06-19,2016-06-18,2016-06-18,Gold,Gold,20,20,Nar Yaung,Nar Yaung,SETCL-21
0157/2015,"Lahu Brothers 
Mining Co., Ltd","Lahu Brothers Mining Co., Ltd",Small scale,Small,2015-07-29,2015-07-29,2016-07-28,2016-07-28,Gold,Gold,20,20,Mine Koe,Mine Koe,SETCL-55
0001/2016,"Lahu Brothers 
Mining Co., Ltd","Lahu Brothers Mining Co., Ltd",Small scale,Small,2016-01-06,2016-01-06,2017-01-05,2017-01-05,Gold,Gold,20,20,Mine Koe,Mine Koe,SETCL-66
0145/2015,"Sai Agreculture 
Investment Co., Ltd","Sai Agreculture Investment Co., Ltd",Small scale,Small,2015-07-08,2015-07-08,2016-07-07,2016-07-07,Gold,Gold,20,20,Nar Yaung,Nar Yaung,SETCL-29
0146/2015,"Sai Agreculture 
Investment Co., Ltd","Sai Agreculture Investment Co., Ltd",Small scale,Small,2015-07-08,2015-07-08,2016-07-07,2016-07-07,Gold,Gold,20,20,Nar Yaung,Nar Yaung,SETCL-30
0282/2014,"Taing Chit Min Co., Ltd.","Taing Chit Min Co., Ltd.",Small scale,Small,2014-11-26,2014-11-26,2016-11-25,2016-11-25,Gold,Gold,16.5,16.5,Mine Koe,Mine Koe,SETCL-32
0306/2014,"Wai Tel Mining Co., Ltd.","Wai Tel Mining Co., Ltd.",Small scale,Small,2014-12-31,2014-12-31,2016-12-30,2016-12-30,Gold,Gold,20,20,Nar Yaung,Nar Yaung,SETCL-34
0053/2015,"Myint Oo Aung Co., Ltd.","Myint Oo Aung Co., Ltd.",Small scale,Small,2015-02-04,2015-02-04,2017-02-03,2017-02-03,Gold,Gold,20,20,Nar Yaung,Nar Yaung,SETCL-40
0073/2015,"Hein Mytta Co., Ltd.","Hein Mytta Co., Ltd.",Small scale,Small,2015-03-12,2015-03-12,2017-03-11,2017-03-11,Gold,Gold,20,20,Nant Khinn,Nant Khinn,SETCL-43
0074/2015,"Hein Mytta Co., Ltd.","Hein Mytta Co., Ltd.",Small scale,Small,2015-03-12,2015-03-12,2017-03-11,2017-03-11,Gold,Gold,20,20,Nant Khinn,Nant Khinn,SETCL-44
0072/2015,"Mega Banner Co., Ltd.","Mega Banner Co., Ltd.",Small scale,Small,2015-03-12,2015-03-12,2017-03-11,2017-03-11,Gold,Gold,20,20,Nant Khinn,Nant Khinn,SETCL-42
0109/2015,"Eastern Shan Bright
Co., Ltd.","Eastern Shan Bright Co., Ltd.",Small scale,Small,2015-05-13,2015-05-13,2016-05-12,2016-05-12,Gold,Gold,20,20,Mine Koe,Mine Koe,SETCL-47
0103/2015,"San Parame Co., Ltd","San Parame Co., Ltd",Small scale,Small,2015-05-13,2015-05-13,2016-05-12,2016-05-12,Gold,Gold,20,20,Mine Linn,Mine Linn,SETCL-6A
0104/2015,"San Parame Co., Ltd","San Parame Co., Ltd",Small scale,Small,2015-05-13,2015-05-13,2016-05-12,2016-05-12,Gold,Gold,20,20,Mine Linn,Mine Linn,SETCL-7A
0111/2015,"May Flower Mining 
Enterprise Limited.",May Flower Mining Enterprise Limited.,Small scale,Small,2015-05-27,2015-05-27,2017-05-26,2017-05-26,Gold,Gold,20,20,Mine Koe,Mine Koe,SETCL-48
0112/2015,"May Flower Mining 
Enterprise Limited.",May Flower Mining Enterprise Limited.,Small scale,Small,2015-05-27,2015-05-27,2017-05-26,2017-05-26,Gold,Gold,20,20,Mine Koe,Mine Koe,SETCL-49
0113/2015,"May Flower Mining 
Enterprise Limited.",May Flower Mining Enterprise Limited.,Small scale,Small,2015-05-27,2015-05-27,2017-05-26,2017-05-26,Gold,Gold,20,20,Mine Koe,Mine Koe,SETCL-51
0114/2015,"May Flower Mining 
Enterprise Limited.",May Flower Mining Enterprise Limited.,Small scale,Small,2015-05-27,2015-05-27,2017-05-26,2017-05-26,Gold,Gold,20,20,Mine Koe,Mine Koe,SETCL-52
0241/2015,"May Flower Mining 
Enterprise Limited.",May Flower Mining Enterprise Limited.,Small scale,Small,2015-12-17,2015-12-17,2016-12-16,2016-12-16,Gold,Gold,15.4,15.4,Mine Koe,Mine Koe,SETCL-67
0110/2015,"Shwe Kyaing Tone Co.,","Shwe Kyaing Tone Co.,",Small scale,Small,2015-05-20,2015-05-20,2016-06-19,2016-06-19,Gold,Gold,20,20,Nar Yaung,Nar Yaung,SETCL-46
0141/2015,"Jin Shu Co.,","Jin Shu Co.,",Small scale,Small,2015-07-01,2015-07-01,2016-06-30,2016-06-30,Gold,Gold,20,20,Mine Koe,Mine Koe,SETCL-57
0143/2015,"Hong Yuan Sheng 
Co., Ltd.","Hong Yuan Sheng Co., Ltd.",Small scale,Small,2015-07-08,2015-07-08,2016-07-07,2016-07-07,Gold,Gold,20,20,Nant Khinn,Nant Khinn,SETCL-58
0212/2015,"Hong Yuan Sheng 
Co., Ltd.","Hong Yuan Sheng Co., Ltd.",Small scale,Small,2015-11-04,2015-11-04,2016-11-03,2016-11-03,Gold,Gold,20,20,Nant Khinn,Nant Khinn,SETCL-63
0071/2016,"Hong Yuan Sheng 
Co., Ltd.","Hong Yuan Sheng Co., Ltd.",Small scale,Small,2016-03-24,2016-03-24,2017-04-23,2017-04-23,Gold,Gold,20,20,Nant Khinn,Nant Khinn,SETCL-74
0070/2016,"Hong Yuan Sheng 
Co., Ltd.","Hong Yuan Sheng Co., Ltd.",Small scale,Small,2016-03-24,2016-03-24,2017-04-23,2017-04-23,Gold,Gold,20,20,Nant Khinn,Nant Khinn,SETCL-75
0165/2015,"Tun Pyi Thein San 
Co., Ltd.","Tun Pyi Thein San Co., Ltd.",Small scale,Small,2015-08-05,2015-08-05,2016-08-04,2016-08-04,Gold,Gold,20,20,Nar Yaung,Nar Yaung,SETCL-60
0131/2015,"Htoo Nay chi Co., Ltd.","Htoo Nay chi Co., Ltd.",Small scale,Small,2015-06-17,2015-06-17,2016-06-16,2016-06-16,Gold,Gold,20,20,Mine Linn,Mine Linn,SETCL-53
0183/2015,"Aung Shwin Le Co., Ltd.","Aung Shwin Le Co., Ltd.",Small scale,Small,2015-09-16,2015-09-16,2016-09-15,2016-09-15,Gold,Gold,20,20,Nar Yaung,Nar Yaung,SETCL-62
0182/2015,"Ta Xin Co., Ltd.","Ta Xin Co., Ltd.",Small scale,Small,2015-09-16,2015-09-16,2016-09-15,2016-09-15,Gold,Gold,20,20,Nar Yaung,Nar Yaung,SETCL-59
0192/2015,"Lwe Kham Lone Mining 
Co., Ltd","Lwe Kham Lone Mining Co., Ltd",Small scale,Small,2015-10-07,2015-10-07,2016-10-06,2016-10-06,Gold,Gold,20,20,Nar Yaung,Nar Yaung,SETCL-4A
0181/2015,"Nay La Lar Hu kyar 
Law.Mining Co., Ltd.","Nay La Lar Hu kyar Law.Mining Co., Ltd.",Small scale,Small,2015-09-16,2015-09-16,2016-09-15,2016-09-15,Gold,Gold,20,20,Nar Yaung,Nar Yaung,SETCL-61
0186/2015,"High Myanmar 
Mining Co., Ltd.","High Myanmar Mining Co., Ltd.",Small scale,Small,2015-09-23,2015-09-23,2016-09-22,2016-09-22,Gold,Gold,20,20,Nant Khinn,Nant Khinn,SETCL-38
0187/2015,"High Myanmar 
Mining Co., Ltd.","High Myanmar Mining Co., Ltd.",Small scale,Small,2015-09-23,2015-09-23,2016-09-22,2016-09-22,Gold,Gold,20,20,Nant Khinn,Nant Khinn,SETCL-39
0215/2015,"Tarlay Khin Maung Latt 
Mining Co., Ltd.","Tarlay Khin Maung Latt Mining Co., Ltd.",Small scale,Small,2015-11-11,2015-11-11,2016-11-10,2016-11-10,Gold,Gold,20,20,Nar Yaung,Nar Yaung,SETCL-64
0226/2015,"Tar Chi Late Shwe Taung Co., Ltd.","Tar Chi Late Shwe Taung Co., Ltd.",Small scale,Small,2015-12-10,2015-12-10,2016-12-09,2016-12-09,Gold,Gold,20,20,Nar Yaung,Nar Yaung,SETCL-65
0072/2016,"Tar Chi Late Shwe Taung Co., Ltd.","Tar Chi Late Shwe Taung Co., Ltd.",Small scale,Small,2016-03-24,2016-03-24,2017-04-23,2017-04-23,Gold,Gold,20,20,Nar Yaung,Nar Yaung,SETCL-76
0002/2016,"Tar Chi Late Shwe Sin 
Co., Ltd.","Tar Chi Late Shwe Sin Co., Ltd.",Small scale,Small,2016-01-06,2016-01-06,2017-01-05,2017-01-05,Gold,Gold,20,20,Mine Linn,Mine Linn,SETCL-68
0024/2016,"Naung Tong Dragon 
Co., Ltd.","Naung Tong Dragon Co., Ltd.",Small scale,Small,2016-03-01,2016-03-01,2017-02-28,2017-02-28,Gold,Gold,20,20,Nar Yaung,Nar Yaung,SETCL-69
0025/2016,"Golden Mascot International Trading 
Co., Ltd.","Golden Mascot International Trading Co., Ltd.",Small scale,Small,2016-03-01,2016-03-01,2017-02-28,2017-02-28,Gold,Gold,20,20,Nar Yaung,Nar Yaung,SETCL-70
0068/2016,"Sein Naw Mining 
Co., Ltd.","Sein Naw Mining Co., Ltd.",Small scale,Small,2016-03-24,2016-03-24,2017-02-23,2017-02-23,Gold,Gold,20,20,Nar Yaung,Nar Yaung,SETCL-72
0069/2016,"Sein Naw Mining 
Co., Ltd.","Sein Naw Mining Co., Ltd.",Small scale,Small,2016-03-24,2016-03-24,2017-02-23,2017-02-23,Gold,Gold,20,20,Nar Yaung,Nar Yaung,SETCL-73
0211/2011,"Hein Kaung Sat Mining 
Co., Ltd.","Hein Kaung Sat Mining Co., Ltd.",Small scale,Small,2011-02-25,2011-02-25,2017-02-24,2017-02-24,Gold,Gold,20,20,Tar Kyant,Tar Kyant,SEMU-2
0212/2011,"Double Dragon Co., Ltd.","Double Dragon Co., Ltd.",Small scale,Small,2011-02-25,2011-02-25,2017-02-24,2017-02-24,Gold,Gold,20,20,Tar Kyant,Tar Kyant,SEMU-3
0237/2014,"Double Dragon Co., Ltd.","Double Dragon Co., Ltd.",Small scale,Small,2014-09-03,2014-09-03,2016-09-02,2016-09-02,Gold,Gold,15.5,15.5,Tar Kyant,Tar Kyant,SEMU-8
0132/2015,"Tuo Buo Co., Ltd.","Tuo Buo Co., Ltd.",Small scale,Small,2015-06-17,2015-06-17,2016-06-16,2016-06-16,Gold,Gold,20,20,Kyaung Gone,Kyaung Gone,SEMU-12
0242/2015,"Certain Mineral 
Exploration Co., Ltd.","Certain Mineral Exploration Co., Ltd.",Small scale,Small,2015-12-17,2015-12-17,2016-12-16,2016-12-16,Gold,Gold,20,20,Tar Kyant,Tar Kyant,SEMU-7
0039/2014,"Thit Sar Pan Gems & 
Jewellery Co.,Ltd","Thit Sar Pan Gems & Jewellery Co.,Ltd",Small scale,Small,2014-10-10,2014-10-10,2016-10-09,2016-10-09,Gold,Gold,20,20,Moe Hout,Moe Hout,"Moe Hout
Tha Yet Su"
0040/2014,"Dana Theidi Star Gems
& Jewellery Co.,Ltd","Dana Theidi Star Gems & Jewellery Co.,Ltd",Small scale,Small,2014-10-10,2014-10-10,2016-10-09,2016-10-09,Gold,Gold,20,20,Moe Hout,Moe Hout,"Moe Hout
Tha Yet Su"
0191/2015,"Shan shwe Li 
Mining Co., Ltd","Shan shwe Li Mining Co., Ltd",Small scale,Small,2015-10-07,2015-10-07,2016-10-09,2016-10-09,Gold,Gold,20,20,Kyauk Phyu Lay,Kyauk Phyu Lay,SNNS-1
